price,volume_24h,volume_change_24h,percent_change_1h,percent_change_24h,percent_change_7d,percent_change_30d,percent_change_60d,percent_change_90d,market_cap,market_cap_dominance,fully_diluted_market_cap,tvl,last_updated,date,day,month,year,7_day_avg,30_day_avg,day_of_week,is_weekend,price_lag_1,price_lag_2,price_lag_3,price_lag_4,price_lag_5,price_lag_6,price_lag_7,rolling_mean_7,rolling_std_7,rolling_min_7,rolling_max_7,daily_return,log_return,ewm_7
26141.823829503945,12800164278.269156,-24.7999,0.15557019,-1.16729452,-1.92843509,-10.54215105,-14.21706445,-2.1771838,508901577397.7618,48.3418,548978300419.58,0.0,1692920880.0,1692835200.0,24,8,2023,26140.070857406663,26141.823829503945,3,0,26141.823829503945,26141.823829503945,26141.823829503945,26141.823829503945,26141.823829503945,26141.823829503945,26141.823829503945,26140.070857406663,30.570499749342975,26084.5854112528,26181.61422681052,-0.00016074972277591026,-0.00016076264439668364,26141.823829503945
26137.621538570496,12875184437.388348,-24.2485,0.10654151,-1.09134977,-1.78316964,-10.59677163,-14.23552573,-2.1764804,508819771610.2749,48.2576,548890052309.98,0.0,1692921240.0,1692835200.0,24,8,2023,26140.070857406663,26139.72268403722,3,0,26141.823829503945,26141.823829503945,26141.823829503945,26141.823829503945,26141.823829503945,26141.823829503945,26141.823829503945,26140.070857406663,30.570499749342975,26084.5854112528,26181.61422681052,-0.00016074972277591026,-0.00016076264439668364,26139.42252039912
26129.60312549737,12873158889.32685,-24.2792,0.07322251,-1.10190415,-1.81702362,-10.62535388,-14.23563536,-2.20023097,508663677563.90106,48.2428,548721665635.44,0.0,1692921300.0,1692835200.0,24,8,2023,26140.070857406663,26136.34949785727,3,0,26137.621538570496,26141.823829503945,26141.823829503945,26141.823829503945,26141.823829503945,26141.823829503945,26141.823829503945,26140.070857406663,30.570499749342975,26084.5854112528,26181.61422681052,-0.0003067766920296089,-0.00030682375762580705,26135.176295576744
26139.04009454925,12870440788.347744,-24.2999,0.1115068,-1.08000754,-1.9374052,-10.57659929,-14.20445611,-2.17847175,508847386568.5856,48.2964,548919841985.53,0.0,1692921420.0,1692835200.0,24,8,2023,26140.070857406663,26137.022147030264,3,0,26129.60312549737,26137.621538570496,26141.823829503945,26141.823829503945,26141.823829503945,26141.823829503945,26141.823829503945,26140.070857406663,30.570499749342975,26084.5854112528,26181.61422681052,0.0003611600607384968,0.00036109485814250775,26136.58934205812
26181.61422681052,12863033591.743568,-24.0101,0.31712312,-0.93156342,-1.59003096,-10.4129462,-14.06404282,-1.95176666,509676175072.60895,48.3347,549813898763.02,0.0,1692921780.0,1692921600.0,25,8,2023,26140.070857406663,26145.940562986318,4,0,26139.04009454925,26129.60312549737,26137.621538570496,26141.823829503945,26141.823829503945,26141.823829503945,26141.823829503945,26140.070857406663,30.570499749342975,26084.5854112528,26181.61422681052,0.0016287565307400165,0.0016274315453461696,26151.347819006412
26166.20777566228,12851373342.525404,-23.5254,0.25161508,-1.07564614,-2.12313246,-10.47731109,-14.29785296,-2.0033231,509376258458.4288,48.3136,549490363288.91,0.0,1692922080.0,1692921600.0,25,8,2023,26140.070857406663,26149.318431765645,4,0,26181.61422681052,26139.04009454925,26129.60312549737,26137.621538570496,26141.823829503945,26141.823829503945,26141.823829503945,26140.070857406663,30.570499749342975,26084.5854112528,26181.61422681052,-0.0005884454264269978,-0.0005886186283863282,26155.867152423583
26084.5854112528,12758018573.404016,-21.11,0.27759074,-1.34448845,-1.33632869,-10.77037603,-14.04857871,-2.25822228,507796110476.8713,48.362,547776293636.31,0.0,1692952980.0,1692921600.0,25,8,2023,26140.070857406663,26140.070857406663,4,0,26166.20777566228,26181.61422681052,26139.04009454925,26129.60312549737,26137.621538570496,26141.823829503945,26141.823829503945,26140.070857406663,30.570499749342975,26084.5854112528,26181.61422681052,-0.0031193807337033252,-0.003124256143262727,26135.301539136584
26083.873471728,12758697682.100224,-21.1079,0.28023355,-1.34878472,-1.40019122,-10.77297451,-14.03689555,-2.29881916,507782250945.8154,48.3607,547761342906.29,0.0,1692953040.0,1692921600.0,25,8,2023,26131.792234867247,26133.04618419683,4,0,26084.5854112528,26166.20777566228,26181.61422681052,26139.04009454925,26129.60312549737,26137.621538570496,26141.823829503945,26131.792234867247,37.154310735630844,26083.873471728,26181.61422681052,-2.7293495893365716e-05,-2.729386836897163e-05,26121.01417234689
26074.6095388737,12756092672.357197,-21.044,0.35193783,-1.39075179,-1.60121721,-10.7796155,-14.1052278,-2.3051382,507601907306.192,48.3549,547566800316.35,0.0,1692953400.0,1692921600.0,25,8,2023,26122.790520624847,26126.553223605373,4,0,26083.873471728,26084.5854112528,26166.20777566228,26181.61422681052,26139.04009454925,26129.60312549737,26137.621538570496,26122.790520624847,42.72259504007913,26074.6095388737,26181.61422681052,-0.0003551594000921199,-0.0003552224841278928,26108.471231175736
26070.542760789893,12753212506.864674,-21.0426,0.36335925,-1.41395332,-1.82633616,-10.79600551,-14.20393697,-2.32595399,507522738170.0692,48.3628,547481397976.59,0.0,1692953520.0,1692921600.0,25,8,2023,26114.353325666634,26120.952177323827,4,0,26074.6095388737,26083.873471728,26084.5854112528,26166.20777566228,26181.61422681052,26139.04009454925,26129.60312549737,26114.353325666634,46.7910849290641,26070.542760789893,26181.61422681052,-0.00015596697920805536,-0.00015597914332232676,26098.423278021524
26073.977891266502,12754334416.83028,-21.0332,0.34311438,-1.38078234,-1.71001861,-10.77312782,-14.21426524,-2.3153468,507589610840.9398,48.3692,547553535716.6,0.0,1692953640.0,1692921600.0,25,8,2023,26105.058725197672,26116.681787682253,4,0,26070.542760789893,26074.6095388737,26083.873471728,26084.5854112528,26166.20777566228,26181.61422681052,26139.04009454925,26105.058725197672,47.52621335120443,26070.542760789893,26181.61422681052,0.00013176290605554364,0.00013175422608568965,26092.042435584437
26086.72457503608,12614170600.072365,-22.139,0.25006642,-1.56539115,-1.72125823,-10.70988115,-14.22105512,-2.28349603,507837754192.1804,48.3905,547821216075.76,0.0,1692954360.0,1692921600.0,25,8,2023,26091.503060658462,26114.185353295074,4,0,26073.977891266502,26070.542760789893,26074.6095388737,26083.873471728,26084.5854112528,26166.20777566228,26181.61422681052,26091.503060658466,33.52001809934107,26070.542760789893,26166.20777566228,0.0004888660956428037,0.0004887466395437912,26090.669480230237
26081.673918737884,12585347857.598713,-22.5068,0.25306828,-1.7821032,-1.81651145,-10.75553077,-14.06966862,-2.31309874,507739431616.48505,48.3889,547715152293.5,0.0,1692954600.0,1692921600.0,25,8,2023,26079.426795383555,26111.684473713747,4,0,26086.72457503608,26073.977891266502,26070.542760789893,26074.6095388737,26083.873471728,26084.5854112528,26166.20777566228,26079.426795383555,6.2784550440867175,26070.542760789893,26086.72457503608,-0.00019361021287545022,-0.00019362895775287825,26088.365862195296
26086.03891867256,12568613732.32579,-22.71,0.24894302,-1.74072914,-1.79725893,-10.71788101,-14.01440378,-2.29268572,507824406322.9685,48.4018,547806817292.12,0.0,1692954720.0,1692921600.0,25,8,2023,26079.634439300666,26109.852648353663,4,0,26081.673918737884,26086.72457503608,26073.977891266502,26070.542760789893,26074.6095388737,26083.873471728,26084.5854112528,26079.634439300662,6.497705122734887,26070.542760789893,26086.72457503608,0.00016735888763408369,0.00016734488469793973,26087.773572935366
26086.03891867256,12568613732.32579,-22.71,0.24894302,-1.74072914,-1.79725893,-10.71788101,-14.01440378,-2.29268572,507824406322.9685,48.4018,547806817292.12,0.0,1692954720.0,1692921600.0,25,8,2023,26079.94378886417,26108.265066374923,4,0,26086.03891867256,26081.673918737884,26086.72457503608,26073.977891266502,26070.542760789893,26074.6095388737,26083.873471728,26079.943788864166,6.778632005673575,26070.542760789893,26086.72457503608,0.0,0.0,26087.33403563002
26082.36449396806,12552841261.160738,-23.0461,0.22239841,-1.72693978,-1.80939394,-10.71357336,-14.05499106,-2.30511504,507752875242.686,48.395,547729654373.33,0.0,1692954900.0,1692921600.0,25,8,2023,26081.051639591933,26106.646280599492,4,0,26086.03891867256,26086.03891867256,26081.673918737884,26086.72457503608,26073.977891266502,26070.542760789893,26074.6095388737,26081.051639591933,6.383747185942974,26070.542760789893,26086.72457503608,-0.00014085790165208056,-0.00014086782305788859,26086.079072223616
26082.36449396806,12552841261.160738,-23.0461,0.22239841,-1.72693978,-1.80939394,-10.71357336,-14.05499106,-2.30511504,507752875242.686,48.395,547729654373.33,0.0,1692954900.0,1692921600.0,25,8,2023,26082.740458617387,26105.217940209408,4,0,26082.36449396806,26086.03891867256,26086.03891867256,26081.673918737884,26086.72457503608,26073.977891266502,26070.542760789893,26082.740458617387,4.393852786110146,26073.977891266502,26086.72457503608,0.0,0.0,26085.143394217917
26092.49769879689,12510003822.511766,-23.6495,0.10450742,-1.45243546,-1.70854642,-10.65340754,-13.97578091,-2.3251826,507950141249.31866,48.3781,547942451674.73,0.0,1692955560.0,1692921600.0,25,8,2023,26085.386145407443,26104.511260130937,4,0,26082.36449396806,26082.36449396806,26086.03891867256,26086.03891867256,26081.673918737884,26086.72457503608,26073.977891266502,26085.386145407443,3.769597525829008,26081.673918737884,26092.49769879689,0.00038850790660394097,0.00038843245694941686,26086.9923944902
26095.439044475675,12508885173.07964,-23.6402,0.0407909,-1.42546389,-1.64639714,-10.64527933,-13.94740984,-2.29993783,508007401269.8137,48.3881,548004219933.99,0.0,1692955680.0,1692921600.0,25,8,2023,26086.631069613097,26104.03377509645,4,0,26092.49769879689,26082.36449396806,26082.36449396806,26086.03891867256,26086.03891867256,26081.673918737884,26086.72457503608,26086.631069613097,5.380206391656394,26081.673918737884,26095.439044475675,0.0001127276396739596,0.00011272128639028267,26089.11302360573
26103.372606569585,12506040268.74966,-23.6556,0.02030128,-1.37957393,-1.62138868,-10.58395577,-13.93326573,-2.26827885,508161846200.0282,48.4028,548170824737.96,0.0,1692955800.0,1692921600.0,25,8,2023,26089.73088216048,26104.000716670103,4,0,26095.439044475675,26092.49769879689,26082.36449396806,26082.36449396806,26086.03891867256,26086.03891867256,26081.673918737884,26089.730882160482,7.7687791293554005,26082.36449396806,26103.372606569585,0.00030402102376547724,0.00030397481873833954,26092.689260351355
26099.21985261705,12502642603.683392,-23.7114,-0.01557717,-1.40623436,-1.57626871,-10.58704532,-13.94425337,-2.28320251,508081003346.9938,48.3722,548083616904.96,0.0,1692955980.0,1692921600.0,25,8,2023,26091.61387272398,26103.773056477105,4,0,26103.372606569585,26095.439044475675,26092.49769879689,26082.36449396806,26082.36449396806,26086.03891867256,26086.03891867256,26091.61387272398,8.303753836450014,26082.36449396806,26103.372606569585,-0.0001590887896029125,-0.00015910144556663397,26094.325800780192
26089.60956171204,12505279562.952492,-23.7333,-0.01693128,-1.43375794,-1.57332994,-10.64321048,-13.95839495,-2.31784975,507893917055.7925,48.3544,547881800795.95,0.0,1692956100.0,1692921600.0,25,8,2023,26092.123964586764,26103.129261260507,4,0,26099.21985261705,26103.372606569585,26095.439044475675,26092.49769879689,26082.36449396806,26082.36449396806,26086.03891867256,26092.123964586764,8.008638675995648,26082.36449396806,26103.372606569585,-0.0003682213858988703,-0.00036828919603948407,26093.144634039993
26046.73335766041,12599216785.56385,-3.0104,-0.00211,-0.16020909,-0.09762219,-11.67973008,-13.71673936,-2.78786074,507071944491.9274,48.2736,546981400510.87,0.0,1693002000.0,1692921600.0,25,8,2023,26087.0338022571,26100.67726545181,4,0,26089.60956171204,26099.21985261705,26103.372606569585,26095.439044475675,26092.49769879689,26082.36449396806,26082.36449396806,26087.0338022571,19.011055657367162,26046.73335766041,26103.372606569585,-0.001643420686316177,-0.001644772583452081,26081.526271259936
26044.7348060254,12595741667.79406,-2.9433,0.02338194,-0.20374188,-0.07079356,-11.68870034,-13.73608821,-2.76226194,507033037138.3711,48.2969,546939430926.53,0.0,1693002180.0,1692921600.0,25,8,2023,26081.65813255101,26098.346329642376,4,0,26046.73335766041,26089.60956171204,26099.21985261705,26103.372606569585,26095.439044475675,26092.49769879689,26082.36449396806,26081.65813255101,24.94540469382861,26044.7348060254,26103.372606569585,-7.672945423009558e-05,-7.673239808525523e-05,26072.31916662282
26044.7348060254,12595741667.79406,-2.9433,0.02338194,-0.20374188,-0.07079356,-11.68870034,-13.73608821,-2.76226194,507033037138.3711,48.2969,546939430926.53,0.0,1693002180.0,1692921600.0,25,8,2023,26074.834862155083,26096.2018686977,4,0,26044.7348060254,26046.73335766041,26089.60956171204,26099.21985261705,26103.372606569585,26095.439044475675,26092.49769879689,26074.834862155083,27.849524248119675,26044.7348060254,26103.372606569585,0.0,0.0,26065.417882957587
26044.45336470273,12580597016.57162,-2.797,0.07948265,-0.22781654,-0.17540133,-11.52941514,-13.90039223,-2.91374076,507027558102.02576,48.2843,546933520658.76,0.0,1693003560.0,1692921600.0,25,8,2023,26067.55119361609,26094.211541620964,4,0,26044.7348060254,26044.7348060254,26046.73335766041,26089.60956171204,26099.21985261705,26103.372606569585,26095.439044475675,26067.55119361609,28.227398840268076,26044.45336470273,26103.372606569585,-1.0806073656222104e-05,-1.0806132042517902e-05,26060.17379359001
26044.45336470273,12580597016.57162,-2.797,0.07948265,-0.22781654,-0.17540133,-11.52941514,-13.90039223,-2.91374076,507027558102.02576,48.2843,546933520658.76,0.0,1693003560.0,1692921600.0,25,8,2023,26059.134159063684,26092.36864617955,4,0,26044.45336470273,26044.7348060254,26044.7348060254,26046.73335766041,26089.60956171204,26099.21985261705,26103.372606569585,26059.134159063684,24.273191836731485,26044.45336470273,26099.21985261705,0.0,0.0,26056.242022026894
26044.45336470273,12580597016.57162,-2.797,0.07948265,-0.22781654,-0.17540133,-11.52941514,-13.90039223,-2.91374076,507027558102.02576,48.2843,546933520658.76,0.0,1693003560.0,1692921600.0,25,8,2023,26051.31037507592,26090.657386126808,4,0,26044.45336470273,26044.45336470273,26044.7348060254,26044.7348060254,26046.73335766041,26089.60956171204,26099.21985261705,26051.310375075922,16.908128103868123,26044.45336470273,26089.60956171204,0.0,0.0,26053.29392173512
25998.213482761625,11066926054.197912,-11.5365,-0.06122369,-0.38959885,0.3958277,-11.92515957,-14.42047012,-4.31806962,506137431792.9875,48.273,545962483137.99,0.0,1693042860.0,1693008000.0,26,8,2023,26038.25379236872,26087.46966532111,5,1,26044.45336470273,26044.45336470273,26044.45336470273,26044.7348060254,26044.7348060254,26046.73335766041,26089.60956171204,26038.253792368716,17.675032241267708,25998.213482761625,26046.73335766041,-0.0017754214800981272,-0.0017769994087490915,26039.52053241754
26007.395463534336,11035789827.434088,-11.7785,-0.00630311,-0.33207852,0.25087224,-11.97333516,-14.37688774,-4.24717599,506316188082.1516,48.2613,546155304734.22,0.0,1693043520.0,1693008000.0,26,8,2023,26032.63409320785,26084.80052526155,5,1,25998.213482761625,26044.45336470273,26044.45336470273,26044.45336470273,26044.7348060254,26044.7348060254,26046.73335766041,26032.63409320785,20.549561587714273,25998.213482761625,26044.7348060254,0.0003531773742375677,0.0003531150217881418,26031.487830700076
26007.93107934627,11030247867.954344,-12.279,-0.05947509,-0.29918517,0.30702604,-11.99441655,-14.34649134,-4.23743841,506326615537.548,48.2642,546166552666.27,0.0,1693043820.0,1693008000.0,26,8,2023,26027.37641796797,26080.33743358963,5,1,26007.395463534336,25998.213482761625,26044.45336470273,26044.45336470273,26044.45336470273,26044.7348060254,26044.7348060254,26027.376417967975,21.617957386319972,25998.213482761625,26044.7348060254,2.0594750161917474e-05,2.0594538092666426e-05,26025.597853978357
26007.93107934627,11030247867.954344,-12.279,-0.05947509,-0.29918517,0.30702604,-11.99441655,-14.34649134,-4.23743841,506326615537.548,48.2642,546166552666.27,0.0,1693043820.0,1693008000.0,26,8,2023,26022.1187427281,26076.014418282153,5,1,26007.93107934627,26007.395463534336,25998.213482761625,26044.45336470273,26044.45336470273,26044.45336470273,26044.7348060254,26022.1187427281,21.163340965788258,25998.213482761625,26044.45336470273,0.0,0.0,26021.18071660817
26001.41659562975,11026651965.949833,-12.2927,-0.05647005,-0.30347451,0.26452751,-12.01797557,-14.37970156,-4.2631102,506199790513.2085,48.2521,546029748508.22,0.0,1693043880.0,1693008000.0,26,8,2023,26015.970632860528,26071.741533953234,5,1,26007.93107934627,26007.93107934627,26007.395463534336,25998.213482761625,26044.45336470273,26044.45336470273,26044.45336470273,26015.970632860528,19.800971256192568,25998.213482761625,26044.45336470273,-0.0002504806590205577,-0.0002505120345404066,26016.239314081664
25999.60187126848,11009426570.238544,-12.3289,-0.11002618,-0.28734438,0.22711004,-12.01729165,-14.43419089,-4.29224539,506164461165.35785,48.2487,545991639296.64,0.0,1693044060.0,1693008000.0,26,8,2023,26009.563276655637,26067.093593177207,5,1,26001.41659562975,26007.93107934627,26007.93107934627,26007.395463534336,25998.213482761625,26044.45336470273,26044.45336470273,26009.563276655634,15.925669134239234,25998.213482761625,26044.45336470273,-6.979328816936192e-05,-6.979572383336574e-05,26012.07971834254
26000.54123991693,11000314623.230392,-12.2436,-0.04540022,-0.26510395,0.24303966,-11.95941654,-14.65756286,-4.28745162,506182748946.38367,48.2637,546011366038.26,0.0,1693044360.0,1693008000.0,26,8,2023,26003.29011597195,26061.05782694742,5,1,25999.60187126848,26001.41659562975,26007.93107934627,26007.93107934627,26007.395463534336,25998.213482761625,26044.45336470273,26003.29011597195,4.288991965430577,25998.213482761625,26007.93107934627,3.613011664937993e-05,3.6129463971690257e-05,26009.194976485487
26000.897564308663,10997866640.751034,-12.129,-0.03926045,-0.27158627,0.2597483,-11.96517516,-14.88016103,-4.28323137,506189685927.36646,48.2662,546018848850.48,0.0,1693044420.0,1693008000.0,26,8,2023,26003.673556192956,26055.547486568972,5,1,26000.54123991693,25999.60187126848,26001.41659562975,26007.93107934627,26007.93107934627,26007.395463534336,25998.213482761625,26003.673556192953,3.8577978684922773,25999.60187126848,26007.93107934627,1.370449901205717e-05,1.370440510761739e-05,26007.120557508413
26000.897564308663,10997866640.751034,-12.129,-0.03926045,-0.27158627,0.2597483,-11.96517516,-14.88016103,-4.28323137,506189685927.36646,48.2662,546018848850.48,0.0,1693044420.0,1693008000.0,26,8,2023,26002.745284875007,26052.757891670833,5,1,26000.897564308663,26000.54123991693,25999.60187126848,26001.41659562975,26007.93107934627,26007.93107934627,26007.395463534336,26002.745284875007,3.5850929688227477,25999.60187126848,26007.93107934627,0.0,0.0,26005.564772121925
26000.897564308663,10997866640.751034,-12.129,-0.03926045,-0.27158627,0.2597483,-11.96517516,-14.88016103,-4.28323137,506189685927.36646,48.2662,546018848850.48,0.0,1693044420.0,1693008000.0,26,8,2023,26001.740497012488,26049.992028090186,5,1,26000.897564308663,26000.897564308663,26000.54123991693,25999.60187126848,26001.41659562975,26007.93107934627,26007.93107934627,26001.740497012488,2.786029612882003,25999.60187126848,26007.93107934627,0.0,0.0,26004.397949307713
26004.59820856889,10997197594.720346,-12.1357,-0.02290149,-0.26006938,0.26399,-11.96085775,-14.90390515,-4.26854115,506261730669.329,48.2731,546096562379.95,0.0,1693044540.0,1693008000.0,26,8,2023,26001.26437261572,26047.658317080026,5,1,26000.897564308663,26000.897564308663,26000.897564308663,26000.54123991693,25999.60187126848,26001.41659562975,26007.93107934627,26001.26437261572,1.5720533622750021,25999.60187126848,26004.59820856889,0.00014232755815735132,0.0001423174305497099,26004.448014794325
26004.59820856889,10997197594.720346,-12.1357,-0.02290149,-0.26006938,0.26399,-11.96085775,-14.90390515,-4.26854115,506261730669.329,48.2731,546096562379.95,0.0,1693044540.0,1693008000.0,26,8,2023,26001.718888749885,26045.46016533933,5,1,26004.59820856889,26000.897564308663,26000.897564308663,26000.897564308663,26000.54123991693,25999.60187126848,26001.41659562975,26001.718888749885,2.019624822674036,25999.60187126848,26004.59820856889,0.0,0.0,26004.48556361558
26027.869948106665,10911052070.463411,-12.2623,0.07931974,-0.23811539,0.46328136,-11.73670645,-14.91716773,-4.61022528,506716584587.69855,48.2802,546585268910.24,0.0,1693048620.0,1693008000.0,26,8,2023,26005.757185441053,26043.923233900667,5,1,26004.59820856889,26004.59820856889,26000.897564308663,26000.897564308663,26000.897564308663,26000.54123991693,25999.60187126848,26005.757185441053,9.913917556059964,26000.54123991693,26027.869948106665,0.0008949086369698378,0.000894508444975628,26010.33170383251
26023.85533102737,10896234775.762758,-12.166,0.04880798,-0.25779578,0.44178492,-11.72584609,-14.8242178,-4.32400275,506638427095.0224,48.2738,546500961951.57,0.0,1693049280.0,1693008000.0,26,8,2023,26009.0877698854,26041.827592433707,5,1,26027.869948106665,26004.59820856889,26004.59820856889,26000.897564308663,26000.897564308663,26000.897564308663,26000.54123991693,26009.087769885402,11.636163490146325,26000.897564308663,26027.869948106665,-0.000154243012866484,-0.00015425490954434906,26013.71262975655
26024.92828455516,10887893428.68312,-12.2899,0.03474522,-0.30164041,0.44102971,-11.71505266,-14.87608086,-4.34376298,506659315602.1536,48.2758,546523493975.66,0.0,1693049460.0,1693008000.0,26,8,2023,26012.52072992061,26039.936071294283,5,1,26023.85533102737,26027.869948106665,26004.59820856889,26004.59820856889,26000.897564308663,26000.897564308663,26000.897564308663,26012.520729920612,12.340635721107803,26000.897564308663,26027.869948106665,4.12296146801161e-05,4.122876476309045e-05,26016.5165553522
26035.839140393586,10887891435.269064,-12.2723,0.08054192,-0.24542179,0.4507184,-11.69240112,-14.92172469,-4.24535806,506871730664.0237,48.2961,546752621948.27,0.0,1693049580.0,1693008000.0,26,8,2023,26017.51238364703,26038.26274535165,5,1,26024.92828455516,26023.85533102737,26027.869948106665,26004.59820856889,26004.59820856889,26000.897564308663,26000.897564308663,26017.51238364703,13.832219511453998,26000.897564308663,26035.839140393586,0.0004192463364021126,0.00041915847721263333,26021.347216983548
26032.23852564253,10879390369.728497,-11.5869,0.04048695,-0.2354004,0.47716306,-11.76473804,-15.27412506,-4.1734926,506801633064.30817,48.2886,546677009038.49,0.0,1693051260.0,1693008000.0,26,8,2023,26021.989663837583,26036.469398917317,5,1,26035.839140393586,26024.92828455516,26023.85533102737,26027.869948106665,26004.59820856889,26004.59820856889,26000.897564308663,26021.989663837583,12.572897775043144,26004.59820856889,26035.839140393586,-0.00013829455358205234,-0.00013830411715609614,26024.070050646267
26032.48806660432,10849929934.726494,-11.7098,0.03428447,-0.26963032,0.50731479,-11.76012623,-15.13135869,-4.19224097,506806491185.3962,48.2823,546682249398.69,0.0,1693051500.0,1693008000.0,26,8,2023,26025.97392927122,26034.806851338526,5,1,26032.23852564253,26035.839140393586,26024.92828455516,26023.85533102737,26027.869948106665,26004.59820856889,26004.59820856889,26025.97392927122,10.36902195436039,26004.59820856889,26035.839140393586,9.585843397497129e-06,9.58579745358179e-06,26026.174558402545
26032.48806660432,10849929934.726494,-11.7098,0.03428447,-0.26963032,0.50731479,-11.76012623,-15.13135869,-4.19224097,506806491185.3962,48.2823,546682249398.69,0.0,1693051500.0,1693008000.0,26,8,2023,26029.95819470485,26033.144303759735,5,1,26032.48806660432,26032.23852564253,26035.839140393586,26024.92828455516,26023.85533102737,26027.869948106665,26004.59820856889,26029.95819470485,4.462653360035203,26023.85533102737,26035.839140393586,0.0,0.0,26027.75293757179
26032.48806660432,10849929934.726494,-11.7098,0.03428447,-0.26963032,0.50731479,-11.76012623,-15.13135869,-4.19224097,506806491185.3962,48.2823,546682249398.69,0.0,1693051500.0,1693008000.0,26,8,2023,26030.617925918803,26031.143982686648,5,1,26032.48806660432,26032.48806660432,26032.23852564253,26035.839140393586,26024.92828455516,26023.85533102737,26027.869948106665,26030.617925918803,4.44380488472908,26023.85533102737,26035.839140393586,0.0,0.0,26028.93672102175
26032.48806660432,10849929934.726494,-11.7098,0.03428447,-0.26963032,0.50731479,-11.76012623,-15.13135869,-4.19224097,506806491185.3962,48.2823,546682249398.69,0.0,1693051500.0,1693008000.0,26,8,2023,26031.85117385837,26029.045616757605,5,1,26032.48806660432,26032.48806660432,26032.48806660432,26032.23852564253,26035.839140393586,26024.92828455516,26023.85533102737,26031.851173858366,3.306630819937863,26024.92828455516,26035.839140393586,0.0,0.0,26029.824558087792
26031.92967094213,10845698347.316229,-11.5809,0.03228585,-0.33276108,0.517539,-11.75940114,-15.21793971,-4.21366759,506795620209.6554,48.2836,546670523089.78,0.0,1693051680.0,1693008000.0,26,8,2023,26032.85137191365,26026.66418557002,5,1,26032.48806660432,26032.48806660432,26032.48806660432,26032.48806660432,26032.23852564253,26035.839140393586,26024.92828455516,26032.85137191365,1.3341562074552729,26031.92967094213,26035.839140393586,-2.1449953641172748e-05,-2.1450183693261238e-05,26030.35083659942
26030.34104438341,10835276663.81975,-11.6263,0.02607928,-0.33831054,0.54019893,-11.76299293,-15.30436242,-4.21612842,506766150159.936,48.2812,546637161932.05,0.0,1693051920.0,1693008000.0,26,8,2023,26032.06592962648,26024.368225295566,5,1,26031.92967094213,26032.48806660432,26032.48806660432,26032.48806660432,26032.48806660432,26032.23852564253,26035.839140393586,26032.065929626482,0.7891327971711369,26030.34104438341,26032.48806660432,-6.102607754399081e-05,-6.1027939711522095e-05,26030.34838854438
26030.34104438341,10835276663.81975,-11.6263,0.02607928,-0.33831054,0.54019893,-11.76299293,-15.30436242,-4.21612842,506766150159.936,48.2812,546637161932.05,0.0,1693051920.0,1693008000.0,26,8,2023,26031.794860875176,26022.392608051283,5,1,26030.34104438341,26031.92967094213,26032.48806660432,26032.48806660432,26032.48806660432,26032.48806660432,26032.23852564253,26031.794860875176,1.0138602197302327,26030.34104438341,26032.48806660432,0.0,0.0,26030.346552503554
26029.518993089387,10820383169.6905,-11.6321,0.02395893,-0.34164462,0.57970958,-11.7562473,-15.27528473,-4.24255366,506750146229.4152,48.2797,546619898854.88,0.0,1693051980.0,1693008000.0,26,8,2023,26031.3707075159,26021.81879589891,5,1,26030.34104438341,26030.34104438341,26031.92967094213,26032.48806660432,26032.48806660432,26032.48806660432,26032.48806660432,26031.3707075159,1.2653835229622963,26029.518993089387,26032.48806660432,-3.158050417484404e-05,-3.1581002849279116e-05,26030.13966260058
26027.12010469806,10817446128.44384,-11.5244,-0.00288092,-0.35507306,0.59532535,-11.73343311,-15.22400772,-4.27620602,506703443981.7319,48.2816,546569522198.66,0.0,1693052220.0,1693008000.0,26,8,2023,26030.603855815007,26021.231639188,5,1,26029.518993089387,26030.34104438341,26030.34104438341,26031.92967094213,26032.48806660432,26032.48806660432,26032.48806660432,26030.603855815007,1.9282926396836804,26027.12010469806,26032.48806660432,-9.216030430536648e-05,-9.216455132765589e-05,26029.384772989684
25997.438010454527,10823799541.361084,-11.4592,-0.10786103,-0.49604394,0.41786277,-11.84616931,-15.2263694,-4.32944135,506125584452.2377,48.2328,545946198219.55,0.0,1693052760.0,1693008000.0,26,8,2023,26025.596704936463,26019.655079335636,5,1,26027.12010469806,26029.518993089387,26030.34104438341,26030.34104438341,26031.92967094213,26032.48806660432,26032.48806660432,26025.596704936466,12.538155125848254,25997.438010454527,26032.48806660432,-0.0011404294491335065,-0.001141080233626468,26021.398081282558
25999.253669319285,10809372869.652023,-11.6204,-0.09856128,-0.44074087,0.49074925,-11.84452325,-15.18494408,-4.32930698,506160932220.11096,48.273,545984327055.7,0.0,1693052940.0,1693008000.0,26,8,2023,26020.84893389574,26018.14842282286,5,1,25997.438010454527,26027.12010469806,26029.518993089387,26030.34104438341,26030.34104438341,26031.92967094213,26032.48806660432,26020.84893389574,15.448340550925836,25997.438010454527,26031.92967094213,6.98399151495277e-05,6.983747645605831e-05,26015.861977733737
25999.253669319285,10809372869.652023,-11.6204,-0.09856128,-0.44074087,0.49074925,-11.84452325,-15.18494408,-4.32930698,506160932220.11096,48.273,545984327055.7,0.0,1693052940.0,1693008000.0,26,8,2023,26016.18093366391,26016.641766310076,5,1,25999.253669319285,25997.438010454527,26027.12010469806,26029.518993089387,26030.34104438341,26030.34104438341,26031.92967094213,26016.18093366391,16.446623210402954,25997.438010454527,26030.34104438341,0.0,0.0,26011.709900316248
26007.9091422996,10817935997.364594,-10.9684,-0.08046871,-0.35704916,0.41604857,-11.78309501,-15.32239377,-4.17566017,506329439452.2124,48.2885,546166091988.29,0.0,1693054380.0,1693008000.0,26,8,2023,26012.97637622336,26015.423625563304,5,1,25999.253669319285,25999.253669319285,25997.438010454527,26027.12010469806,26029.518993089387,26030.34104438341,26030.34104438341,26012.97637622336,15.378437112874838,25997.438010454527,26030.34104438341,0.00033291236319321627,0.0003328569601688258,26010.759710758215
26014.562761067493,10820213449.606731,-10.7383,-0.06673584,-0.33650117,0.41015375,-11.79356629,-15.31726006,-4.16387107,506458974011.9744,48.2881,546305817982.42,0.0,1693054800.0,1693008000.0,26,8,2023,26010.72233574966,26015.968601506833,5,1,26007.9091422996,25999.253669319285,25999.253669319285,25997.438010454527,26027.12010469806,26029.518993089387,26030.34104438341,26010.72233574966,13.443697380641355,25997.438010454527,26029.518993089387,0.000255830591051609,0.00025579787198637405,26011.710473375962
26018.27427320709,10758703327.01887,-10.8784,-0.05044962,-0.44959602,0.42872317,-11.79234002,-15.20828777,-4.1661786,506531230795.51215,48.2864,546383759737.35,0.0,1693054980.0,1693008000.0,26,8,2023,26009.115947195045,26016.331228495925,5,1,26014.562761067493,26007.9091422996,25999.253669319285,25999.253669319285,25997.438010454527,26027.12010469806,26029.518993089387,26009.115947195045,11.328813106917595,25997.438010454527,26027.12010469806,0.00014267055624528346,0.00014266037976895518,26013.351423386077
26019.298296290857,10750333492.692738,-11.0648,-0.04570489,-0.46892463,0.40815461,-11.76600453,-15.12830677,-4.1637308,506551166770.8015,48.2883,546405264222.11,0.0,1693055160.0,1693008000.0,26,8,2023,26007.998545994014,26016.71013572741,5,1,26018.27427320709,26014.562761067493,26007.9091422996,25999.253669319285,25999.253669319285,25997.438010454527,26027.12010469806,26007.998545994018,9.494230582096606,25997.438010454527,26019.298296290857,3.935784030151268e-05,3.93570658019371e-05,26014.838141647833
26018.38528542832,10735385011.548609,-11.1929,-0.05612879,-0.4905246,0.40698973,-11.74573016,-15.13746685,-4.17307769,506533392013.2955,48.2791,546386090993.99,0.0,1693055220.0,1693008000.0,26,8,2023,26010.99101384741,26017.05860926348,5,1,26019.298296290857,26018.27427320709,26014.562761067493,26007.9091422996,25999.253669319285,25999.253669319285,25997.438010454527,26010.991013847415,8.893048636395847,25999.253669319285,26019.298296290857,-3.5089757307815717e-05,-3.509037296822726e-05,26015.724927608862
26019.60986727514,10726608237.24775,-11.2966,-0.05416443,-0.44417598,0.37699539,-11.72118612,-15.08026199,-4.17793085,506557232524.1444,48.2814,546411807212.78,0.0,1693055340.0,1693008000.0,26,8,2023,26013.899042126828,26017.66505165166,5,1,26018.38528542832,26019.298296290857,26018.27427320709,26014.562761067493,26007.9091422996,25999.253669319285,25999.253669319285,26013.899042126828,7.657685277062786,25999.253669319285,26019.60986727514,4.7066020177011225e-05,4.7064912607197584e-05,26016.6961625385
26019.926484047028,10722954514.849531,-11.3799,-0.04772283,-0.40057983,0.33398425,-11.73694051,-15.06565445,-4.18339825,506563396510.3284,48.282,546418456164.99,0.0,1693055400.0,1693008000.0,26,8,2023,26016.852301373645,26018.342538744277,5,1,26019.60986727514,26018.38528542832,26019.298296290857,26018.27427320709,26014.562761067493,26007.9091422996,25999.253669319285,26016.852301373645,4.332662633843333,26007.9091422996,26019.926484047028,1.2168390437272691e-05,1.2168316402494384e-05,26017.503742923782
26012.92283892089,10718172440.14998,-11.4311,-0.06691501,-0.53441411,0.3031625,-11.72946488,-15.06074277,-4.21097132,506427047536.9667,48.271,546271379617.34,0.0,1693055520.0,1693008000.0,26,8,2023,26017.568543748115,26018.755258711077,5,1,26019.926484047028,26019.60986727514,26018.38528542832,26019.298296290857,26018.27427320709,26014.562761067493,26007.9091422996,26017.568543748115,2.723397142148628,26012.92283892089,26019.926484047028,-0.0002691646777107648,-0.0002692009090239367,26016.35851691439
26017.76530927637,10649027536.860416,-12.2375,-0.03938297,-0.62115192,0.26059145,-11.69822291,-15.08271229,-4.2186668,506521322139.6361,48.2799,546373071494.8,0.0,1693055760.0,1693008000.0,26,8,2023,26018.0260506351,26019.317516876665,5,1,26012.92283892089,26019.926484047028,26019.60986727514,26018.38528542832,26019.298296290857,26018.27427320709,26014.562761067493,26018.0260506351,2.3818813030767987,26012.92283892089,26019.926484047028,0.0001861563341214456,0.00018613900918040827,26016.71021500688
26012.0186474351,10642121677.271982,-12.3442,-0.0510517,-0.55446218,0.27761491,-11.71162643,-15.05509522,-4.23852509,506409444477.6184,48.2742,546252391596.14,0.0,1693055880.0,1693008000.0,26,8,2023,26017.13238981053,26019.68821964755,5,1,26017.76530927637,26012.92283892089,26019.926484047028,26019.60986727514,26018.38528542832,26019.298296290857,26018.27427320709,26017.13238981053,3.2781351997797215,26012.0186474351,26019.926484047028,-0.00022087453603170104,-0.00022089893240462288,26015.537323108943
26014.33582796332,10618165875.695112,-12.6647,-0.04103185,-0.52864025,0.34355625,-11.7067212,-14.98021097,-4.21126085,506454556013.17255,48.2785,546301052387.23,0.0,1693056000.0,1693008000.0,26,8,2023,26016.42346576374,26020.13616176937,5,1,26012.0186474351,26017.76530927637,26012.92283892089,26019.926484047028,26019.60986727514,26018.38528542832,26019.298296290857,26016.42346576374,3.2682466370395704,26012.0186474351,26019.926484047028,8.908114974182091e-05,8.907718225259487e-05,26015.23694932158
26014.89126152156,10601053602.050346,-12.8351,-0.01082657,-0.45830105,0.31086683,-11.70935363,-14.97117066,-4.2196252,506465369353.09375,48.2802,546312716491.95,0.0,1693056180.0,1693008000.0,26,8,2023,26015.924319491347,26020.47926353446,5,1,26014.33582796332,26012.0186474351,26017.76530927637,26012.92283892089,26019.926484047028,26019.60986727514,26018.38528542832,26015.924319491347,3.1844282824868837,26012.0186474351,26019.926484047028,2.13510566600128e-05,2.135082872989358e-05,26015.15052737137
26016.317669913005,10592058396.904505,-12.9408,0.07726946,-0.52018457,0.25167497,-11.70996774,-14.9706304,-4.25867254,506493139081.03766,48.2829,546342671068.17,0.0,1693056300.0,1693008000.0,26,8,2023,26015.45400558247,26020.86991224593,5,1,26014.89126152156,26014.33582796332,26012.0186474351,26017.76530927637,26012.92283892089,26019.926484047028,26019.60986727514,26015.45400558247,2.7648567411715708,26012.0186474351,26019.926484047028,5.483045756782268e-05,5.482895443265079e-05,26015.4423130073
26015.50566772753,10580808731.460442,-12.9887,0.06482819,-0.56637207,0.2261605,-11.71727947,-14.98747987,-4.36583352,506477330789.4463,48.2799,546325619022.28,0.0,1693056600.0,1693008000.0,26,8,2023,26014.82246039397,26020.457769566623,5,1,26016.317669913005,26014.89126152156,26014.33582796332,26012.0186474351,26017.76530927637,26012.92283892089,26019.926484047028,26014.82246039397,1.9610480565524855,26012.0186474351,26017.76530927637,-3.121126501359761e-05,-3.121175209486182e-05,26015.458151687377
26015.50566772753,10580808731.460442,-12.9887,0.06482819,-0.56637207,0.2261605,-11.71727947,-14.98747987,-4.36583352,506477330789.4463,48.2799,546325619022.28,0.0,1693056600.0,1693008000.0,26,8,2023,26015.191435937773,26020.17944745663,5,1,26015.50566772753,26016.317669913005,26014.89126152156,26014.33582796332,26012.0186474351,26017.76530927637,26012.92283892089,26015.191435937773,1.7785512239286425,26012.0186474351,26017.76530927637,0.0,0.0,26015.470030697426
26022.562539320774,10494941712.954603,-13.8785,0.09904885,-0.70319904,0.26226328,-11.70067142,-15.04523818,-4.41833322,506614715990.9456,48.2855,546473813325.74,0.0,1693057080.0,1693008000.0,26,8,2023,26015.876754515542,26020.100589282152,5,1,26015.50566772753,26015.50566772753,26016.317669913005,26014.89126152156,26014.33582796332,26012.0186474351,26017.76530927637,26015.876754515546,3.2506454996225034,26012.0186474351,26022.562539320774,0.00027125636854319346,0.00027121958518527833,26017.243157854606
26028.79838172294,9976251324.420977,-18.6895,0.04002207,0.04030522,0.27407655,-11.55238986,-15.71031601,-4.2933021,506736117160.51776,48.2716,546604766016.18,0.0,1693058820.0,1693008000.0,26,8,2023,26018.273859413806,26019.86589732646,5,1,26022.562539320774,26015.50566772753,26015.50566772753,26016.317669913005,26014.89126152156,26014.33582796332,26012.0186474351,26018.273859413806,5.404640801740133,26014.33582796332,26028.79838172294,0.00023963214202082916,0.00023960343482620772,26020.131963823333
26026.200516251763,9520856636.945124,-24.2897,0.05121637,-0.5033853,0.14462795,-11.56418771,-15.43736689,-4.35886854,506687336977.77313,48.2811,546550210841.29,0.0,1693059540.0,1693008000.0,26,8,2023,26019.96881488359,26019.664630346768,5,1,26028.79838172294,26022.562539320774,26015.50566772753,26015.50566772753,26016.317669913005,26014.89126152156,26014.33582796332,26019.96881488359,5.809109681998524,26014.89126152156,26028.79838172294,-9.980735311243549e-05,-9.981233419864566e-05,26021.649101931085
26025.119814976657,9499656512.505976,-24.8894,0.0332843,-0.23295349,0.18566911,-11.53849853,-15.5612876,-4.42624633,506666297500.6197,48.2791,546527516114.51,0.0,1693059660.0,1693008000.0,26,8,2023,26021.430036805745,26019.41902195918,5,1,26026.200516251763,26028.79838172294,26022.562539320774,26015.50566772753,26015.50566772753,26016.317669913005,26014.89126152156,26021.430036805745,5.601779465178004,26015.50566772753,26028.79838172294,-4.1523589831449215e-05,-4.1524451958707687e-05,26022.516780192756
26017.935126653043,9375487204.527256,-26.5818,0.01170047,-0.34155397,0.20875459,-11.57425654,-15.53536078,-4.38406175,506526423430.58655,48.2644,546376637659.71,0.0,1693059780.0,1693008000.0,26,8,2023,26021.66110205432,26018.933923960805,5,1,26025.119814976657,26026.200516251763,26028.79838172294,26022.562539320774,26015.50566772753,26015.50566772753,26016.317669913005,26021.66110205432,5.384916631120837,26015.50566772753,26028.79838172294,-0.00027606744463404276,-0.0002761055582656269,26021.371366807554
26018.95330301965,9338040841.701431,-26.7085,0.01013069,-0.1492604,0.21454771,-11.55867862,-15.65120571,-4.38602681,506546245650.5625,48.2663,546398019363.41,0.0,1693059900.0,1693008000.0,26,8,2023,26022.153621381764,26018.48276517465,5,1,26017.935126653043,26025.119814976657,26026.200516251763,26028.79838172294,26022.562539320774,26015.50566772753,26015.50566772753,26022.153621381764,4.860191004307342,26015.50566772753,26028.79838172294,3.9133634612165125e-05,3.91328689115511e-05,26020.76685086047
26018.241993499632,9338222200.831522,-26.7373,0.00249526,-0.25585955,0.24036096,-11.48558597,-15.53515908,-4.38142972,506532397623.6005,48.265,546383081863.49,0.0,1693059960.0,1693008000.0,26,8,2023,26022.54452506349,26018.00789607116,5,1,26018.95330301965,26017.935126653043,26025.119814976657,26026.200516251763,26028.79838172294,26022.562539320774,26015.50566772753,26022.54452506349,4.3159518971443624,26017.935126653043,26028.79838172294,-2.7338129698573077e-05,-2.733850339353694e-05,26020.135636520175
26045.19900736212,9127361021.77031,-28.5192,0.0801604,0.18799815,0.18493002,-11.26370603,-15.3086992,-4.31088744,507057206366.1722,48.2779,546949179154.6,0.0,1693060920.0,1693008000.0,26,8,2023,26025.778306212254,26018.45020728516,5,1,26018.241993499632,26018.95330301965,26017.935126653043,26025.119814976657,26026.200516251763,26028.79838172294,26022.562539320774,26025.778306212258,9.58982537857337,26017.935126653043,26045.19900736212,0.0010360812951628606,0.0010355449333836475,26026.401479231292
26045.19900736212,9127361021.77031,-28.5192,0.0801604,0.18799815,0.18493002,-11.26370603,-15.3086992,-4.31088744,507057206366.1722,48.2779,546949179154.6,0.0,1693060920.0,1693008000.0,26,8,2023,26028.121252732144,26018.945472717784,5,1,26045.19900736212,26018.241993499632,26018.95330301965,26017.935126653043,26025.119814976657,26026.200516251763,26028.79838172294,26028.121252732144,12.120268788588982,26017.935126653043,26045.19900736212,0.0,0.0,26031.100861264353
26045.19900736212,9127361021.77031,-28.5192,0.0801604,0.18799815,0.18493002,-11.26370603,-15.3086992,-4.31088744,507057206366.1722,48.2779,546949179154.6,0.0,1693060920.0,1693008000.0,26,8,2023,26030.83532289076,26019.440738150402,5,1,26045.19900736212,26045.19900736212,26018.241993499632,26018.95330301965,26017.935126653043,26025.119814976657,26026.200516251763,26030.83532289076,13.649192465972927,26017.935126653043,26045.19900736212,0.0,0.0,26034.625397788994
26045.19900736212,9127361021.77031,-28.5192,0.0801604,0.18799815,0.18493002,-11.26370603,-15.3086992,-4.31088744,507057206366.1722,48.2779,546949179154.6,0.0,1693060920.0,1693008000.0,26,8,2023,26033.70377894583,26019.96340529283,5,1,26045.19900736212,26045.19900736212,26045.19900736212,26018.241993499632,26018.95330301965,26017.935126653043,26025.119814976657,26033.70377894583,14.340239710551986,26017.935126653043,26045.19900736212,0.0,0.0,26037.268800182388
26045.19900736212,9127361021.77031,-28.5192,0.0801604,0.18799815,0.18493002,-11.26370603,-15.3086992,-4.31088744,507057206366.1722,48.2779,546949179154.6,0.0,1693060920.0,1693008000.0,26,8,2023,26037.598619047123,26020.56603538163,5,1,26045.19900736212,26045.19900736212,26045.19900736212,26045.19900736212,26018.241993499632,26018.95330301965,26017.935126653043,26037.598619047123,12.98175819528919,26018.241993499632,26045.19900736212,0.0,0.0,26039.251351977382
26052.01464511849,8597198602.111025,-33.9644,0.08127491,0.8971593,0.28943422,-11.21555925,-15.4571349,-4.21697903,507189895628.3804,48.2796,547092307547.49,0.0,1693062000.0,1693008000.0,26,8,2023,26042.32166791839,26022.385256537098,5,1,26045.19900736212,26045.19900736212,26045.19900736212,26045.19900736212,26045.19900736212,26018.241993499632,26018.95330301965,26042.32166791839,10.917722125739452,26018.241993499632,26052.01464511849,0.0002616849943992694,0.00026165076085327144,26042.442175262735
26001.74279120309,6724439485.616656,-47.5078,-0.00743225,0.09927728,-0.44263972,-10.73225828,-15.38905195,-5.88633518,506214929530.5374,48.3041,546036598615.26,0.0,1693075440.0,1693008000.0,26,8,2023,26039.964639018883,26022.46822726656,5,1,26052.01464511849,26045.19900736212,26045.19900736212,26045.19900736212,26045.19900736212,26045.19900736212,26018.241993499632,26039.964639018883,17.04457566314212,26001.74279120309,26052.01464511849,-0.0019296724111437236,-0.00193153662755563,26032.267329247643
25999.4757413036,6722962568.866873,-47.539,-0.01338291,0.06777432,-0.46305703,-10.7707629,-15.34469517,-5.86954742,506170793469.5691,48.2999,545988990567.38,0.0,1693075560.0,1693008000.0,26,8,2023,26033.432743867663,26022.475629666038,5,1,26001.74279120309,26052.01464511849,26045.19900736212,26045.19900736212,26045.19900736212,26045.19900736212,26045.19900736212,26033.432743867666,22.569884077386924,25999.4757413036,26052.01464511849,-8.71883826286668e-05,-8.719218375752291e-05,26024.069432261524
26001.425790144167,6713145765.245852,-47.6168,-0.00355939,0.05728024,-0.44849382,-10.8505082,-15.35759472,-5.87739871,506208757995.4217,48.309,546029941593.03,0.0,1693075620.0,1693008000.0,26,8,2023,26027.17942712224,26022.259517927523,5,1,25999.4757413036,26001.74279120309,26052.01464511849,26045.19900736212,26045.19900736212,26045.19900736212,26045.19900736212,26027.179427122242,24.727415087331988,25999.4757413036,26052.01464511849,7.500339083654772e-05,7.500057822262818e-05,26018.408521732126
26002.870394944093,6711477593.781239,-47.6329,-0.00050212,0.05254723,-0.44270778,-10.84087056,-15.38338025,-5.729971,506236882283.96906,48.3117,546060278293.83,0.0,1693075680.0,1693008000.0,26,8,2023,26021.13248249109,26021.869772390073,5,1,26001.425790144167,25999.4757413036,26001.74279120309,26052.01464511849,26045.19900736212,26045.19900736212,26045.19900736212,26021.132482491095,24.761984772425794,25999.4757413036,26052.01464511849,5.5558676342881697e-05,5.555713301674814e-05,26014.52399003509
26007.4408137324,6707829402.082634,-47.6728,0.01770907,0.05598606,-0.39765919,-10.79270197,-15.3511314,-5.71130913,506325861482.1492,48.3201,546156257088.38,0.0,1693075800.0,1693008000.0,26,8,2023,26015.73845482971,26021.508657074253,5,1,26002.870394944093,26001.425790144167,25999.4757413036,26001.74279120309,26052.01464511849,26045.19900736212,26045.19900736212,26015.73845482971,22.66984330326094,25999.4757413036,26052.01464511849,0.0001757659334868933,0.00017575048846651953,26012.75319595941
26009.577347186,6706250558.2571535,-47.6882,0.03306689,0.04964385,-0.38609386,-10.78055878,-15.28084242,-5.78434836,506367456583.6906,48.3241,546201124290.91,0.0,1693075860.0,1693008000.0,26,8,2023,26010.64964623312,26021.18462543742,5,1,26007.4408137324,26002.870394944093,26001.425790144167,25999.4757413036,26001.74279120309,26052.01464511849,26045.19900736212,26010.64964623312,18.584465079377296,25999.4757413036,26052.01464511849,8.215085324625448e-05,8.214747904844444e-05,26011.959233766054
26007.80869115193,6692546506.178242,-47.8169,0.02701118,-0.02419704,-0.39976776,-10.84933049,-15.33791474,-5.83114379,506333023503.69147,48.304,546163982514.19,0.0,1693075980.0,1693008000.0,26,8,2023,26004.33450995218,26020.83207229488,5,1,26009.577347186,26007.4408137324,26002.870394944093,26001.425790144167,25999.4757413036,26001.74279120309,26052.01464511849,26004.33450995218,3.875893939433194,25999.4757413036,26009.577347186,-6.800018356545312e-05,-6.800249568250649e-05,26010.921598112523
26010.43961585635,6659616685.88844,-48.1994,-0.05734322,-0.08927274,-0.46409897,-10.7561455,-15.32571011,-5.74920212,506384243661.2994,48.3063,546219231932.98,0.0,1693076280.0,1693008000.0,26,8,2023,26005.57691347408,26020.52639724758,5,1,26007.80869115193,26009.577347186,26007.4408137324,26002.870394944093,26001.425790144167,25999.4757413036,26001.74279120309,26005.576913474077,4.27951845863289,25999.4757413036,26010.43961585635,0.00010115903018448336,0.00010115391395437712,26010.801102548478
26007.01206937797,6614588659.227706,-48.5679,-0.03244566,-0.12328433,-0.44593916,-10.7159651,-15.27865189,-5.76153486,506317514472.68506,48.2999,546147253456.94,0.0,1693076460.0,1693008000.0,26,8,2023,26006.65353177042,26020.09591675862,5,1,26010.43961585635,26007.80869115193,26009.577347186,26007.4408137324,26002.870394944093,26001.425790144167,25999.4757413036,26006.65353177042,3.3318486197433503,26001.425790144167,26010.43961585635,-0.00013177579960199637,-0.0001317844827948278,26009.85384425585
26028.66321067364,6485541956.212363,-49.363,0.0973363,0.30069174,-0.33537788,-10.56856224,-15.2781584,-5.68626059,506739029716.99976,48.3132,546601927424.15,0.0,1693078920.0,1693008000.0,26,8,2023,26010.544591846054,26020.62059581704,5,1,26007.01206937797,26010.43961585635,26007.80869115193,26009.577347186,26007.4408137324,26002.870394944093,26001.425790144167,26010.544591846054,8.34387534538742,26002.870394944093,26028.66321067364,0.0008325116794620779,0.0008321653338256851,26014.556185860303
26028.66321067364,6485541956.212363,-49.363,0.0973363,0.30069174,-0.33537788,-10.56856224,-15.2781584,-5.68626059,506739029716.99976,48.3132,546601927424.15,0.0,1693078920.0,1693008000.0,26,8,2023,26014.22927980742,26020.98385919695,5,1,26028.66321067364,26007.01206937797,26010.43961585635,26007.80869115193,26009.577347186,26007.4408137324,26002.870394944093,26014.22927980742,9.933731316389233,26007.01206937797,26028.66321067364,0.0,0.0,26018.08294206364
26028.93339171733,6469567246.788982,-49.5148,0.10457222,0.2578964,-0.38661845,-10.61856933,-15.25139921,-5.6032916,506744289736.6489,48.3137,546607601226.06,0.0,1693079040.0,1693008000.0,26,8,2023,26017.299648090982,26021.547684006357,5,1,26028.66321067364,26028.66321067364,26007.01206937797,26010.43961585635,26007.80869115193,26009.577347186,26007.4408137324,26017.299648090982,10.77196680298779,26007.01206937797,26028.93339171733,1.038013521892367e-05,1.0380081345573444e-05,26020.795554477067
26024.16692003007,6444226599.062489,-49.7731,0.06431277,0.21993281,-0.46823622,-10.60663743,-15.23361519,-5.40639339,506651493682.6055,48.301,546507505320.63,0.0,1693079400.0,1693008000.0,26,8,2023,26019.383872782997,26021.875387075248,5,1,26028.93339171733,26028.66321067364,26028.66321067364,26007.01206937797,26010.43961585635,26007.80869115193,26009.577347186,26019.383872782993,10.434950546752004,26007.01206937797,26028.93339171733,-0.00018312205173864893,-0.0001831388206294804,26021.63839586532
26027.221454131937,6427606740.957447,-49.9208,0.07464206,0.33736237,-0.45188524,-10.68799451,-15.20674444,-5.42773636,506710960879.7677,48.3124,546571650536.77,0.0,1693079580.0,1693008000.0,26,8,2023,26022.15712463728,26022.286393495593,5,1,26024.16692003007,26028.93339171733,26028.66321067364,26028.66321067364,26007.01206937797,26010.43961585635,26007.80869115193,26022.157124637277,9.371370658884643,26007.01206937797,26028.93339171733,0.00011737298301439658,0.0001173660953455169,26023.034160431976
26025.76653371008,6423999747.8755045,-49.9346,0.06543285,0.31777581,-0.49185518,-10.72851427,-15.20397428,-5.45933424,506682635761.53455,48.3097,546541097207.91,0.0,1693079700.0,1693008000.0,26,8,2023,26024.346684330667,26022.601355622166,5,1,26027.221454131937,26024.16692003007,26028.93339171733,26028.66321067364,26028.66321067364,26007.01206937797,26010.43961585635,26024.346684330667,7.8433002027690115,26007.01206937797,26028.93339171733,-5.5899951687865546e-05,-5.5901514148359865e-05,26023.7172537515
26025.37440196809,6406078511.015083,-50.0795,0.05741843,0.23713569,-0.4358955,-10.73935474,-15.17104706,-5.47965648,506675001544.71576,48.3028,546532862441.33,0.0,1693079880.0,1693008000.0,26,8,2023,26026.969874700684,26022.930313430184,5,1,26025.76653371008,26027.221454131937,26024.16692003007,26028.93339171733,26028.66321067364,26028.66321067364,26007.01206937797,26026.969874700684,1.8931271478314302,26024.16692003007,26028.93339171733,-1.5067058312556725e-05,-1.506717182309103e-05,26024.131540805647
26025.302134248977,6404397054.022592,-50.0896,0.06005327,0.26595749,-0.4205015,-10.73600325,-15.15654548,-5.48195736,506673594600.6262,48.3027,546531344819.23,0.0,1693080000.0,1693008000.0,26,8,2023,26026.489720925736,26023.25686231423,5,1,26025.37440196809,26025.76653371008,26027.221454131937,26024.16692003007,26028.93339171733,26028.66321067364,26028.66321067364,26026.489720925736,1.8167608699227273,26024.16692003007,26028.93339171733,-2.776817654814856e-06,-2.776821510508398e-06,26024.424189166482
26023.41272753444,6377590298.274517,-50.0817,0.06182472,0.30095503,-0.41232632,-10.79796706,-15.15472847,-5.65290771,506636810686.00415,48.3005,546491667278.22,0.0,1693080120.0,1693008000.0,26,8,2023,26025.73965190585,26023.285201921353,5,1,26025.302134248977,26025.37440196809,26025.76653371008,26027.221454131937,26024.16692003007,26028.93339171733,26028.66321067364,26025.739651905846,1.8533450054130476,26023.41272753444,26028.93339171733,-7.259883880661455e-05,-7.260147422982755e-05,26024.17132375847
