price,date,volume_24h,volume_change_24h,percent_change_1h,percent_change_24h,percent_change_7d,percent_change_30d,percent_change_60d,percent_change_90d,market_cap,market_cap_dominance,fully_diluted_market_cap,tvl,last_updated,day,month,year,7_day_avg,30_day_avg
29022.41839530417,,,,,,,,,,,,,0.0,,,,,,
29352.12679194895,,,,,,,,,,,,,0.0,,,,,,
32163.82493533521,,,,,,,,,,,,,0.0,,,,,,
33008.226203489285,,,,,,,,,,,,,0.0,,,,,,
31515.575966658354,,,,,,,,,,,,,0.0,,,,,,
34082.20604904424,,,,,,,,,,,,,0.0,,,,,,
36933.520137309126,,,,,,,,,,,,,0.0,,,,,32296.842639869905,
39547.08408135567,,,,,,,,,,,,,0.0,,,,,33800.366309305835,
40815.96185478254,,,,,,,,,,,,,0.0,,,,,35438.057032567776,
40296.5290038294,,,,,,,,,,,,,0.0,,,,,36599.87189949552,
38397.895985418174,,,,,,,,,,,,,0.0,,,,,37369.824725485356,
35669.90668663349,,,,,,,,,,,,,0.0,,,,,37963.30054262466,
33938.33587810088,,,,,,,,,,,,,0.0,,,,,37942.74766106133,
37456.00772548642,,,,,,,,,,,,,0.0,,,,,38017.38874508665,
39232.74997140346,,,,,,,,,,,,,0.0,,,,,37972.483872236335,
36787.52121668496,,,,,,,,,,,,,0.0,,,,,37396.99235250811,
36254.713079410845,,,,,,,,,,,,,0.0,,,,,36819.59007759117,
35804.263885674685,,,,,,,,,,,,,0.0,,,,,36449.071206199245,
36595.4647692826,,,,,,,,,,,,,0.0,,,,,36581.293789434836,
36104.86385775514,,,,,,,,,,,,,0.0,,,,,36890.7977865283,
35587.489202735545,,,,,,,,,,,,,0.0,,,,,36623.86656899246,
30913.695736053804,,,,,,,,,,,,,0.0,,,,,35435.4302496568,
32957.908782655926,,,,,,,,,,,,,0.0,,,,,34888.34275908122,
32068.08737440817,,,,,,,,,,,,,0.0,,,,,34290.25337265227,
32273.51735032927,,,,,,,,,,,,,0.0,,,,,33785.86101046007,
32375.320062981456,,,,,,,,,,,,,0.0,,,,,33182.98319527419,
32582.10944502123,,,,,,,,,,,,,0.0,,,,,32679.732564883627,
30445.52586511351,,,,,,,,,,,,,0.0,,,,,31945.166373794764,
33128.34752861149,,,,,,,,,,,,,0.0,,,,,32261.545201303004,
34150.81876737221,,,,,,,,,,,,,0.0,,,,,32431.960913405335,34648.73388633967
34199.51981036302,,,,,,,,,,,,,0.0,,,,,32736.45126139888,34821.3039335083
33064.78676701507,,,,,,,,,,,,,0.0,,,,,32849.48974949685,34945.0592660105
33405.99035714327,,,,,,,,,,,,,0.0,,,,,32996.72836294854,34986.464780070775
35485.98593382442,,,,,,,,,,,,,0.0,,,,,33411.567861349,35069.05677108195
37494.71762460426,,,,,,,,,,,,,0.0,,,,,34418.595255561966,35268.36149301347
36816.50808203406,,,,,,,,,,,,,0.0,,,,,34945.47533462233,35359.50489411314
38007.83222908396,,,,,,,,,,,,,0.0,,,,,35496.47725772401,35395.315297172296
39279.41286897885,,,,,,,,,,,,,0.0,,,,,36222.176266097704,35386.3929234264
38833.34026455532,,,,,,,,,,,,,0.0,,,,,37046.25533717487,35320.3055370855
46307.57412159395,,,,,,,,,,,,,0.0,,,,,38889.3387320964,35520.67370767765
46569.56483,,,,,,,,,,,,,0.0,,,,,40472.707145835775,35793.06266916371
44848.69344950499,,,,,,,,,,,,,0.0,,,,,41523.27512082159,36099.02222792609
47815.96175554316,,,,,,,,,,,,,0.0,,,,,43094.625645608605,36561.60975717417
47414.1862550079,,,,,,,,,,,,,0.0,,,,,44438.390506454874,36893.549041491555
46941.29208582354,,,,,,,,,,,,,0.0,,,,,45532.94468028984,37150.50044530556
48607.8745224845,,,,,,,,,,,,,0.0,,,,,46929.30671713686,37544.51222216554
47898.487027633135,,,,,,,,,,,,,0.0,,,,,47156.57998942817,37932.63802043962
49238.13690672487,,,,,,,,,,,,,0.0,,,,,47537.80457181744,38380.43378780795
52143.6788446198,,,,,,,,,,,,,0.0,,,,,48579.94534254813,38898.707590319194
51733.075539032034,,,,,,,,,,,,,0.0,,,,,49139.53302590368,39419.64797969509
56038.72775892988,,,,,,,,,,,,,0.0,,,,,50371.61038360682,40101.35593156823
56377.63347790987,,,,,,,,,,,,,0.0,,,,,51719.659153904875,40950.15385629677
57669.3035269179,,,,,,,,,,,,,0.0,,,,,53014.149011681075,41773.86701443884
54410.85629451601,,,,,,,,,,,,,0.0,,,,,53944.48747837862,42518.625978442426
48691.894831704405,,,,,,,,,,,,,0.0,,,,,53866.45289623284,43065.905227821604
49849.37871358314,,,,,,,,,,,,,0.0,,,,,53538.695734656176,43648.37384950833
46992.665450048495,,,,,,,,,,,,,0.0,,,,,52861.49429337281,44128.72571634257
46551.48747675472,,,,,,,,,,,,,0.0,,,,,51506.174253062076,44665.59110339727
46653.52639939581,,,,,,,,,,,,,0.0,,,,,50117.016098988635,45116.43039909008
44970.163459946736,,,,,,,,,,,,,0.0,,,,,48302.853232278474,45477.0752221759
49787.33995949672,,,,,,,,,,,,,0.0,,,,,47642.350898704295,45996.669227147024
48532.23678981703,,,,,,,,,,,,,0.0,,,,,47619.54260700609,46512.25089457376
50577.45746915202,,,,,,,,,,,,,0.0,,,,,47723.55385780165,47084.633131640716
48727.45120080115,,,,,,,,,,,,,0.0,,,,,47971.38039362345,47526.01530720661
49091.81488232977,,,,,,,,,,,,,0.0,,,,,48334.2843087056,47912.58521579745
49019.36859236582,,,,,,,,,,,,,0.0,,,,,48672.26176484418,48319.34723280851
51313.09262027362,,,,,,,,,,,,,0.0,,,,,49578.39450203373,48762.85591251484
52328.5359126325,,,,,,,,,,,,,0.0,,,,,49941.42249533884,49197.82668063662
54700.27343927744,,,,,,,,,,,,,0.0,,,,,50822.570588118906,49726.72445312736
56020.4877195857,,,,,,,,,,,,,0.0,,,,,51600.14633818086,50050.488239727085
57788.86810329514,,,,,,,,,,,,,0.0,,,,,52894.634467108575,50424.46501550359
57353.86147197248,,,,,,,,,,,,,0.0,,,,,54074.92683705752,50841.30394958585
61315.197932766816,,,,,,,,,,,,,0.0,,,,,55831.47388568624,51291.278488826625
59428.96756602776,,,,,,,,,,,,,0.0,,,,,56990.88459222255,51691.771199193965
55805.32924923426,,,,,,,,,,,,,0.0,,,,,57487.56935459423,51987.23910464098
56830.253335076224,,,,,,,,,,,,,0.0,,,,,57791.8521968512,52261.31839839405
59014.92563205099,,,,,,,,,,,,,0.0,,,,,58219.6290414891,52631.86635187464
57922.40959262911,,,,,,,,,,,,,0.0,,,,,58238.70639710823,52921.34210807144
58243.27060892363,,,,,,,,,,,,,0.0,,,,,58365.76484524411,53124.661833548234
58376.15847137206,,,,,,,,,,,,,0.0,,,,,57945.902065044866,53346.09793129291
57573.539344778685,,,,,,,,,,,,,0.0,,,,,57680.840890580715,53397.258317487875
54370.13755789519,,,,,,,,,,,,,0.0,,,,,57475.813506103696,53330.34178682071
54584.86994699455,,,,,,,,,,,,,0.0,,,,,57155.04445066346,53227.5273341566
52526.86659704657,,,,,,,,,,,,,0.0,,,,,56228.17887423426,53164.72767757428
51416.90830498005,,,,,,,,,,,,,0.0,,,,,55298.82154742725,53255.5614600168
55033.10048044704,,,,,,,,,,,,,0.0,,,,,54840.22581478774,53428.35218557893
55832.41810961832,,,,,,,,,,,,,0.0,,,,,54476.8343345372,53723.010607564596
55728.10132780653,,,,,,,,,,,,,0.0,,,,,54213.2003321126,54028.89773593299
57634.92869447539,,,,,,,,,,,,,0.0,,,,,54679.59906590978,54394.944479102305
58668.628336761,,,,,,,,,,,,,0.0,,,,,55262.9931215907,54851.559974996126
58817.3738884188,,,,,,,,,,,,,0.0,,,,,56161.63702035816,55152.56110596019
58801.194843878126,,,,,,,,,,,,,0.0,,,,,57216.53509734361,55494.859707762225
59060.02678333801,,,,,,,,,,,,,0.0,,,,,57791.810283470884,55777.61201823509
57060.40665471088,,,,,,,,,,,,,0.0,,,,,57967.23721848411,56055.37720003208
58228.8026234662,,,,,,,,,,,,,0.0,,,,,58324.48026072121,56359.94345806996
58706.81559311396,,,,,,,,,,,,,0.0,,,,,58477.60696052672,56682.858358094905
58062.17872433649,,,,,,,,,,,,,0.0,,,,,58390.97130160893,56907.827894897
56134.41738866435,,,,,,,,,,,,,0.0,,,,,58007.691801644,57034.69061076473
58065.64402481532,,,,,,,,,,,,,0.0,,,,,57902.61311320646,57146.86963028265
58152.99326214184,,,,,,,,,,,,,0.0,,,,,57773.03689589272,57217.95314836786
59979.39281571831,,,,,,,,,,,,,0.0,,,,,58190.03491889378,57290.970638781975
59988.02095852983,,,,,,,,,,,,,0.0,,,,,58441.35182390287,57378.77595500054
59911.02059484732,,,,,,,,,,,,,0.0,,,,,58613.38110986478,57331.97004373655
63576.67604104828,,,,,,,,,,,,,0.0,,,,,59401.1664408236,57470.22699290391
62807.12323259299,,,,,,,,,,,,,0.0,,,,,60354.41013281342,57703.62012568254
63179.772446084695,,,,,,,,,,,,,0.0,,,,,61084.99990728047,57915.27076271615
61497.2995694412,,,,,,,,,,,,,0.0,,,,,61562.75795118038,57998.016560629156
60273.86667694734,,,,,,,,,,,,,0.0,,,,,61604.825645641664,58076.39846343977
56288.94534001195,,,,,,,,,,,,,0.0,,,,,61076.38627156768,58011.25428780938
55721.166052695626,,,,,,,,,,,,,0.0,,,,,60477.83562268887,57922.75454052016
56294.728558586925,,,,,,,,,,,,,0.0,,,,,59437.557410908674,57880.12751431377
54190.07026283405,,,,,,,,,,,,,0.0,,,,,58206.549843800254,57874.12527114506
51965.5664304852,,,,,,,,,,,,,0.0,,,,,56604.52041300033,57786.81515392809
51191.1246964079,,,,,,,,,,,,,0.0,,,,,55132.20971685271,57742.2904239068
50133.1073963654,,,,,,,,,,,,,0.0,,,,,53683.52981962672,57699.49706028632
48981.4413932161,,,,,,,,,,,,,0.0,,,,,52639.60068437016,57497.775090711955
53978.80554728962,,,,,,,,,,,,,0.0,,,,,52390.692040740745,57435.98800530099
54991.81484262107,,,,,,,,,,,,,0.0,,,,,52204.56150988848,57411.44512246148
54810.6138506792,,,,,,,,,,,,,0.0,,,,,52293.21059386635,57317.30129433493
53596.70402266675,,,,,,,,,,,,,0.0,,,,,52526.23024989229,57148.23715053179
57828.511814425874,,,,,,,,,,,,,0.0,,,,,53474.42840960914,57115.27508139869
57812.96915967891,,,,,,,,,,,,,0.0,,,,,54571.551518653934,57082.33422525872
56600.74528738432,,,,,,,,,,,,,0.0,,,,,55660.0235035351,57000.358175393594
57200.30029871162,,,,,,,,,,,,,0.0,,,,,56120.237039452535,57005.02129686029
53464.37021950372,,,,,,,,,,,,,0.0,,,,,55902.03066472149,56846.20688339487
57432.100227087576,,,,,,,,,,,,,0.0,,,,,56276.52871849411,56803.71637119399
56507.7594398696,,,,,,,,,,,,,0.0,,,,,56692.39377809451,56751.9023950451
57361.56904328887,,,,,,,,,,,,,0.0,,,,,56625.687667932085,56792.807450199245
58771.88168950936,,,,,,,,,,,,,0.0,,,,,56762.67517219358,56816.34870568905
58213.92629374439,,,,,,,,,,,,,0.0,,,,,56993.12960167359,56818.379806742465
55901.66759456145,,,,,,,,,,,,,0.0,,,,,56807.61064393785,56682.455632703895
56928.97235660158,,,,,,,,,,,,,0.0,,,,,57302.553806380405,56580.48734597296
50004.76218313686,,,,,,,,,,,,,0.0,,,,,56241.50551438745,56250.27873224929
49972.79539837245,,,,,,,,,,,,,0.0,,,,,55307.939222745,55796.816044160085
49913.26314398822,,,,,,,,,,,,,0.0,,,,,54243.895522844905,55367.020707873264
46780.90230468821,,,,,,,,,,,,,0.0,,,,,52530.898467870444,54820.39170316004
46585.06413538846,,,,,,,,,,,,,0.0,,,,,50869.63244524818,54323.31718869162
43780.82559782485,,,,,,,,,,,,,0.0,,,,,49138.08358857152,53773.549152720865
43091.04144756922,,,,,,,,,,,,,0.0,,,,,47161.23631585261,53333.61902297278
37287.39140242737,,,,,,,,,,,,,0.0,,,,,45344.469061465534,52719.15986796384
40437.73009625558,,,,,,,,,,,,,0.0,,,,,43982.31687544884,52190.59325255279
37339.63420134628,,,,,,,,,,,,,0.0,,,,,42186.084169357135,51628.912050503204
37520.31767547438,,,,,,,,,,,,,0.0,,,,,40863.14350804088,51147.403758669505
34977.527801962424,,,,,,,,,,,,,0.0,,,,,39204.92403183716,50606.95052885465
38642.4422973396,,,,,,,,,,,,,0.0,,,,,38470.86927462498,50223.928358887126
38210.80521759389,,,,,,,,,,,,,0.0,,,,,37773.69267034279,49864.90715303306
39406.934244116186,,,,,,,,,,,,,0.0,,,,,38076.48450486977,49379.17810959394
38642.89555434217,,,,,,,,,,,,,0.0,,,,,37820.07957031071,48834.214133317975
35710.220936529884,,,,,,,,,,,,,0.0,,,,,37587.3062467655,48197.53436951301
34775.07941347281,,,,,,,,,,,,,0.0,,,,,37195.12935219385,47570.14688253987
35714.75202018067,,,,,,,,,,,,,0.0,,,,,37300.4470976536,46833.02155606503
37340.6792659422,,,,,,,,,,,,,0.0,,,,,37114.48095031112,46150.61189294048
36680.06820180283,,,,,,,,,,,,,0.0,,,,,36895.80423376954,45486.58932342109
37685.71798174826,,,,,,,,,,,,,0.0,,,,,36649.9161962884,44836.10324618898
39151.31618380032,,,,,,,,,,,,,0.0,,,,,36722.54771478243,44359.00144499887
36938.72031139185,,,,,,,,,,,,,0.0,,,,,36898.047625477,43675.88878114234
35546.98596483364,,,,,,,,,,,,,0.0,,,,,37008.31998995711,42977.196331974475
35834.4744744042,,,,,,,,,,,,,0.0,,,,,37025.42319770333,42259.62651301165
33451.38340714534,,,,,,,,,,,,,0.0,,,,,36469.809503589495,41415.60990359952
33557.15068309184,,,,,,,,,,,,,0.0,,,,,36023.678429487925,40593.71738324443
37553.64375851888,,,,,,,,,,,,,0.0,,,,,36004.810683312295,39982.11658870968
36903.304906778896,,,,,,,,,,,,,0.0,,,,,35683.66621516638,39314.59434038226
37289.43252210222,,,,,,,,,,,,,0.0,,,,,35733.767959553574,38890.75001834777
35666.14977877309,,,,,,,,,,,,,0.0,,,,,35750.79136154492,38413.86183102779
39147.70567879997,,,,,,,,,,,,,0.0,,,,,36224.110105030035,38055.009915521514
40624.51305316154,,,,,,,,,,,,,0.0,,,,,37248.84291160378,37849.796940470624
40378.20254971114,,,,,,,,,,,,,0.0,,,,,38223.27889254939,37642.90155428138
38321.454656574206,,,,,,,,,,,,,0.0,,,,,38332.96616370015,37460.92252290637
38193.61914194397,,,,,,,,,,,,,0.0,,,,,38517.29676872374,37297.67511271885
35881.11137137543,,,,,,,,,,,,,0.0,,,,,38316.10803290562,37250.79911168379
35581.64226773201,,,,,,,,,,,,,0.0,,,,,38304.03553132833,37088.92951739967
35787.07740523232,,,,,,,,,,,,,0.0,,,,,37823.94577796152,37037.177624195865
31711.93546772701,,,,,,,,,,,,,0.0,,,,,36550.72040861373,36843.56488393762
32507.738707026845,,,,,,,,,,,,,0.0,,,,,35426.3684310874,36761.23858077311
33702.61779371396,,,,,,,,,,,,,0.0,,,,,34766.53459353594,36596.57776398559
34675.44910530336,,,,,,,,,,,,,0.0,,,,,34263.93887401585,36478.73256024256
31943.136467863093,,,,,,,,,,,,,0.0,,,,,33701.37103065694,36229.93930103413
32023.97390177492,,,,,,,,,,,,,0.0,,,,,33193.13269266307,36009.30857928189
34607.293274083386,,,,,,,,,,,,,0.0,,,,,33024.59210249894,35972.544323867005
34556.8421269449,,,,,,,,,,,,,0.0,,,,,33431.007339530064,35965.26974764941
35968.993667970346,,,,,,,,,,,,,0.0,,,,,33925.472333950565,35973.7444692424
35171.486304850056,,,,,,,,,,,,,0.0,,,,,34135.310692684296,35901.438037206
33677.566235922626,,,,,,,,,,,,,0.0,,,,,33992.75599705848,35801.35463834332
33950.786555181,,,,,,,,,,,,,0.0,,,,,34279.56315238961,35676.85692412441
34729.89077801021,,,,,,,,,,,,,0.0,,,,,34666.1227061375,35529.47607726474
35394.213074080915,,,,,,,,,,,,,0.0,,,,,34778.53982042287,35477.99250268771
33928.13421837147,,,,,,,,,,,,,0.0,,,,,34688.72440491238,35424.03077780564
34149.98981477412,,,,,,,,,,,,,0.0,,,,,34428.86671159863,35367.8812891513
33932.25463831538,,,,,,,,,,,,,0.0,,,,,34251.833616379394,35383.91033019031
32933.578199292395,,,,,,,,,,,,,0.0,,,,,34145.549611146496,35363.12458073033
33971.29774975796,,,,,,,,,,,,,0.0,,,,,34148.47978180035,35243.71304710496
33704.53847440508,,,,,,,,,,,,,0.0,,,,,34002.000881285334,35137.087499359164
34299.938016517444,,,,,,,,,,,,,0.0,,,,,33845.67587306198,35037.437682506345
33262.6543524462,,,,,,,,,,,,,0.0,,,,,33750.60732078694,34957.32116829544
32676.38380096018,,,,,,,,,,,,,0.0,,,,,33540.09217595638,34741.61043903411
32878.50187357147,,,,,,,,,,,,,0.0,,,,,33389.55606670725,34483.41006638112
31726.038833909817,,,,,,,,,,,,,0.0,,,,,33217.05044308117,34195.00460918774
31399.653128682126,,,,,,,,,,,,,0.0,,,,,32849.672640070334,33964.27789159134
31588.6713510167,,,,,,,,,,,,,0.0,,,,,32547.405908157703,33744.11296522709
31919.393922554555,,,,,,,,,,,,,0.0,,,,,32207.328180448723,33612.055716933064
30928.211908849244,,,,,,,,,,,,,0.0,,,,,31873.836402792014,33456.94137163697
29971.903783612062,,,,,,,,,,,,,0.0,,,,,31487.482114599425,33263.102250916294
32383.78112696872,,,,,,,,,,,,,0.0,,,,,31416.807722227608,33285.49710622435
32409.499767175417,,,,,,,,,,,,,0.0,,,,,31514.444998408402,33282.22247489597
33455.55127272261,,,,,,,,,,,,,0.0,,,,,31808.14473327133,33273.98692419626
34213.59993217662,,,,,,,,,,,,,0.0,,,,,32183.134530579886,33258.5919517587
35456.12466076684,,,,,,,,,,,,,0.0,,,,,32688.38177889593,33375.691558188824
37281.91809217662,,,,,,,,,,,,,0.0,,,,,33596.05409079984,33550.95636453555
39076.59377063225,,,,,,,,,,,,,0.0,,,,,34896.724088945586,33699.933047753846
40031.19824444798,,,,,,,,,,,,,0.0,,,,,35989.21224858548,33882.411585003945
39977.75693922764,,,,,,,,,,,,,0.0,,,,,37070.39184459294,34016.03702737919
41936.261478677225,,,,,,,,,,,,,0.0,,,,,38281.921874015025,34241.52953317343
41754.16660435275,,,,,,,,,,,,,0.0,,,,,39359.1456843259,34510.74954545443
39914.82975848789,,,,,,,,,,,,,0.0,,,,,39996.10355542891,34709.55098556467
39278.76650810368,,,,,,,,,,,,,0.0,,,,,40281.36761484706,34861.18017656778
38368.35401197897,,,,,,,,,,,,,0.0,,,,,40180.19050646802,34960.31820783104
39751.58457509862,,,,,,,,,,,,,0.0,,,,,40140.24569656096,35154.433219721956
40825.3819404497,,,,,,,,,,,,,0.0,,,,,40261.33498244983,35376.9462905778
42802.13717474142,,,,,,,,,,,,,0.0,,,,,40385.031510459004,35672.609041792006
44647.57760300116,,,,,,,,,,,,,0.0,,,,,40798.37593883735,36063.0756885823
43753.21786264632,,,,,,,,,,,,,0.0,,,,,41346.71709657427,36389.13969234525
46311.00189857689,,,,,,,,,,,,,0.0,,,,,42351.32215235615,36809.35513981763
45639.51401890709,,,,,,,,,,,,,0.0,,,,,43390.05929620303,37187.34100656396
45652.06012506926,,,,,,,,,,,,,0.0,,,,,44232.98437477027,37600.321198984726
44495.20979327958,,,,,,,,,,,,,0.0,,,,,44757.245496603115,37994.282065395375
47717.27052766495,,,,,,,,,,,,,0.0,,,,,45459.40740416361,38488.90768719849
47088.85313451467,,,,,,,,,,,,,0.0,,,,,45808.16105152267,39001.00149721865
47025.00323011282,,,,,,,,,,,,,0.0,,,,,46275.55896116075,39521.84650059968
46031.75754362583,,,,,,,,,,,,,0.0,,,,,46235.66691045346,40003.28270701998
44534.45485421991,,,,,,,,,,,,,0.0,,,,,46077.801315498145,40423.78473807549
45015.46554608543,,,,,,,,,,,,,0.0,,,,,45986.85923278617,40893.359859316704
46745.03462296988,,,,,,,,,,,,,0.0,,,,,46308.26277988478,41452.46422062862
49195.87860189616,,,,,,,,,,,,,0.0,,,,,46519.49250477496,42012.867469792865
48933.68915131164,,,,,,,,,,,,,0.0,,,,,46783.040507174526,42563.67378259741
49250.54486971799,,,,,,,,,,,,,0.0,,,,,47100.97502711812,43090.173569163926
49518.57748790696,,,,,,,,,,,,,0.0,,,,,47599.092162015426,43600.33948768827
47940.6079149608,,,,,,,,,,,,,0.0,,,,,48085.68545640697,44016.488929494735
49002.70376627545,,,,,,,,,,,,,0.0,,,,,48655.290916434125,44407.18178529803
47229.070650876114,,,,,,,,,,,,,0.0,,,,,48724.438920420725,44678.931014639486
49083.10330586219,,,,,,,,,,,,,0.0,,,,,48708.32816384445,44980.6611833533
48936.53725414221,,,,,,,,,,,,,0.0,,,,,48708.73503567738,45279.287193850454
48907.27073106221,,,,,,,,,,,,,0.0,,,,,48659.69587301228,45511.65416892995
47124.25422469402,,,,,,,,,,,,,0.0,,,,,48317.649692553285,45690.657089607994
47335.42029920565,,,,,,,,,,,,,0.0,,,,,48231.19431887398,45938.01010763192
48823.05520964915,,,,,,,,,,,,,0.0,,,,,48205.53023935593,46256.1530643501
49338.78465183332,,,,,,,,,,,,,0.0,,,,,48506.9179537784,46621.83408567858
49934.5282762881,,,,,,,,,,,,,0.0,,,,,48628.55009241066,46961.2655423849
50013.02994694588,,,,,,,,,,,,,0.0,,,,,48782.334762811195,47267.52047593477
51696.206431317885,,,,,,,,,,,,,0.0,,,,,49180.75414856201,47563.98945115398
52739.80016634552,,,,,,,,,,,,,0.0,,,,,49982.974997369354,47833.73020326546
46995.16417095979,,,,,,,,,,,,,0.0,,,,,49934.36697904852,47941.795080209245
46085.02861578186,,,,,,,,,,,,,0.0,,,,,49543.220322781766,47934.262637449414
46518.94118660236,,,,,,,,,,,,,0.0,,,,,49140.38554203448,47963.57687637259
44802.60640249699,,,,,,,,,,,,,0.0,,,,,48407.25384577861,47935.261752286846
45196.488277558245,,,,,,,,,,,,,0.0,,,,,47719.17646443752,47958.637701762804
46195.21830082935,,,,,,,,,,,,,0.0,,,,,46933.32101722487,47907.902627534946
45139.83396873267,,,,,,,,,,,,,0.0,,,,,45847.61156042304,47842.93532200888
47135.43199562694,,,,,,,,,,,,,0.0,,,,,45867.64982108977,47846.61628085935
48186.53275704722,,,,,,,,,,,,,0.0,,,,,46167.864698413396,47918.44212130673
47879.47343992101,,,,,,,,,,,,,0.0,,,,,46362.22644888749,48029.942740830105
47228.65821623257,,,,,,,,,,,,,0.0,,,,,46708.80527942114,48103.715829835004
48266.62707279063,,,,,,,,,,,,,0.0,,,,,47147.39653588291,48154.43557816236
47371.03933236471,,,,,,,,,,,,,0.0,,,,,47315.370968959396,48093.607602511314
42932.94659595412,,,,,,,,,,,,,0.0,,,,,47000.10134427674,47893.58285066606
40386.62363528928,,,,,,,,,,,,,0.0,,,,,46035.98586422851,47598.11880951844
43587.22305058473,,,,,,,,,,,,,0.0,,,,,45378.941620448146,47400.40699494104
44980.898214810935,,,,,,,,,,,,,0.0,,,,,44964.85944543243,47301.75000493603
42752.1681545072,,,,,,,,,,,,,0.0,,,,,44325.36086518595,47093.39881787709
42856.85516422452,,,,,,,,,,,,,0.0,,,,,43552.536306819355,46947.65830165537
43336.86123324274,,,,,,,,,,,,,0.0,,,,,42976.22514980193,46756.11689923472
42247.35572900636,,,,,,,,,,,,,0.0,,,,,42878.28359738082,46533.144181730204
41010.37519836549,,,,,,,,,,,,,0.0,,,,,42967.39096353457,46269.91433064031
41587.66786232295,,,,,,,,,,,,,0.0,,,,,42681.74022235431,46085.361451894605
43859.32614724109,,,,,,,,,,,,,0.0,,,,,42521.515641272905,45969.49164682913
48181.87627260008,,,,,,,,,,,,,0.0,,,,,43297.1882295719,45948.11901559415
47777.762019063,,,,,,,,,,,,,0.0,,,,,44000.17492312024,45896.084927835145
48282.97113857447,,,,,,,,,,,,,0.0,,,,,44706.76205245335,45841.03302324469
49260.23232113069,,,,,,,,,,,,,0.0,,,,,45708.60156561397,45815.93976905084
51668.99422435564,,,,,,,,,,,,,0.0,,,,,47231.261426469704,45815.03269548544
55415.00574202895,,,,,,,,,,,,,0.0,,,,,49206.59540928485,45904.20621467488
53894.59599452107,,,,,,,,,,,,,0.0,,,,,50640.2053874677,46134.18727546026
54010.93747374405,,,,,,,,,,,,,0.0,,,,,51472.92841620255,46398.38423739234
55125.46033768045,,,,,,,,,,,,,0.0,,,,,52522.59960457648,46685.26820909493
54711.86959664297,,,,,,,,,,,,,0.0,,,,,53441.013670014836,47015.57698223313
57572.51085559653,,,,,,,,,,,,,0.0,,,,,54628.48203208138,47428.111068167746
56335.035460511535,,,,,,,,,,,,,0.0,,,,,55295.05935153223,47766.10497349049
57487.9858804222,,,,,,,,,,,,,0.0,,,,,55591.19937130268,48177.710037213474
57452.43178503547,,,,,,,,,,,,,0.0,,,,,56099.46162709046,48521.61003019375
61809.02394427028,,,,,,,,,,,,,0.0,,,,,57213.473980022776,48975.69306976786
61165.63564211521,,,,,,,,,,,,,0.0,,,,,58076.3561663706,49418.56514317433
61583.77443961336,,,,,,,,,,,,,0.0,,,,,59058.056858223514,49897.06901728702
62017.972725178704,,,,,,,,,,,,,0.0,,,,,59693.1228395924,50355.44720569996
64517.64856042277,,,,,,,,,,,,,0.0,,,,,60862.06756815114,50927.00084663523
66237.51755029388,,,,,,,,,,,,,0.0,,,,,62112.000663847095,51703.81987844655
62541.08693293518,,,,,,,,,,,,,0.0,,,,,62838.95139926134,52442.30198836808
61029.27093182092,,,,,,,,,,,,,0.0,,,,,62727.55811176857,53023.70358440929
61572.14043422243,,,,,,,,,,,,,0.0,,,,,62785.630224926754,53576.744991723004
61173.1663907232,,,,,,,,,,,,,0.0,,,,,62726.97193222815,54190.77826626354
63228.21382584213,,,,,,,,,,,,,0.0,,,,,62899.863518037215,54869.823554984134
60604.18888794746,,,,,,,,,,,,,0.0,,,,,62340.79785054074,55445.401143474286
58641.00147419492,,,,,,,,,,,,,0.0,,,,,61255.58126824089,55991.85600164723
60767.55585206728,,,,,,,,,,,,,0.0,,,,,61002.21968525976,56650.42869010396
62283.19805587354,,,,,,,,,,,,,0.0,,,,,61181.352131552994,57340.279696555655
61837.257002978935,,,,,,,,,,,,,0.0,,,,,61219.22592708963,57939.54405841357
61471.86846276259,,,,,,,,,,,,,0.0,,,,,61261.897651666695,58382.54379808566
61121.83120106507,,,,,,,,,,,,,0.0,,,,,60960.98584812711,58827.34610415239
63247.20896127831,,,,,,,,,,,,,0.0,,,,,61338.560144317235,59326.15403157586
63130.94235171542,,,,,,,,,,,,,0.0,,,,,61979.980269677304,59788.51103259535
61601.74357204975,,,,,,,,,,,,,0.0,,,,,62099.14994396052,60119.60267751849
61247.38494217787,,,,,,,,,,,,,0.0,,,,,61951.17664200399,60314.01531752346
61661.35866372036,,,,,,,,,,,,,0.0,,,,,61926.048307824196,60572.907406496764
63153.230193019495,,,,,,,,,,,,,0.0,,,,,62166.242840718034,60877.65049713927
67617.0155448617,,,,,,,,,,,,,0.0,,,,,63094.12631840327,61294.035670711986
67145.37493537061,,,,,,,,,,,,,0.0,,,,,63651.00717184503,61708.485848669574
65061.05440696283,,,,,,,,,,,,,0.0,,,,,63926.737465451806,61958.103967048446
65005.64515956679,,,,,,,,,,,,,0.0,,,,,64413.00912081137,62247.124290350286
64432.04794734522,,,,,,,,,,,,,0.0,,,,,64867.960978692434,62478.59302591439
64660.33535267343,,,,,,,,,,,,,0.0,,,,,65296.38621997144,62718.856478168986
65648.97779110243,,,,,,,,,,,,,0.0,,,,,65652.92159112614,62846.85493973006
63933.83544259933,,,,,,,,,,,,,0.0,,,,,65126.75300508866,62939.12826641287
60448.56251258625,,,,,,,,,,,,,0.0,,,,,64170.065516119466,62901.28786884529
60603.65586738653,,,,,,,,,,,,,0.0,,,,,63533.29429618,62854.14397358556
56987.32233855049,,,,,,,,,,,,,0.0,,,,,62387.81960746338,62603.13309952314
58459.25551667463,,,,,,,,,,,,,0.0,,,,,61534.56354593901,62343.8576984025
60082.91166841709,,,,,,,,,,,,,0.0,,,,,60880.64587675954,62261.91852291857
59139.77927952717,,,,,,,,,,,,,0.0,,,,,59950.76037510593,62198.93546784211
56386.85685315215,,,,,,,,,,,,,0.0,,,,,58872.62057661347,62026.09268180643
57748.79317378856,,,,,,,,,,,,,0.0,,,,,58486.939242499524,61911.94690790861
57198.18384629529,,,,,,,,,,,,,0.0,,,,,58000.443239486485,61710.94590859038
58897.84698299794,,,,,,,,,,,,,0.0,,,,,58273.37533155041,61654.06784509206
53827.79286503472,,,,,,,,,,,,,0.0,,,,,57611.737809887556,61493.62755812006
54533.40388242691,,,,,,,,,,,,,0.0,,,,,56818.950983317525,61285.822492465384
57237.66113709043,,,,,,,,,,,,,0.0,,,,,56547.21982011229,61117.63792850594
57848.77353712989,,,,,,,,,,,,,0.0,,,,,56756.065060680536,60984.68847964431
57011.28047424234,,,,,,,,,,,,,0.0,,,,,56650.7061036025,60836.0022133603
57169.37199381056,,,,,,,,,,,,,0.0,,,,,56646.590124676106,60704.25357311848
56508.26805402271,,,,,,,,,,,,,0.0,,,,,56305.22170625108,60479.62220954329
53785.96717237922,,,,,,,,,,,,,0.0,,,,,56299.246607300294,60168.12303689876
49161.99070957517,,,,,,,,,,,,,0.0,,,,,55531.901868321474,59753.4646081496
49268.46989053938,,,,,,,,,,,,,0.0,,,,,54393.44597595703,59354.16743976165
50461.57683653979,,,,,,,,,,,,,0.0,,,,,53338.132161587026,58980.841378855635
50647.66340635755,,,,,,,,,,,,,0.0,,,,,52429.044009032055,58563.98915263357
50530.4580645934,,,,,,,,,,,,,0.0,,,,,51480.627733429596,57994.437236624624
47885.87198941706,,,,,,,,,,,,,0.0,,,,,50248.856867057366,57352.45380509284
47303.56415217411,,,,,,,,,,,,,0.0,,,,,49322.79929274235,56760.53746326655
49242.30232407148,,,,,,,,,,,,,0.0,,,,,49334.27238052754,56235.09270208338
50051.078348674855,,,,,,,,,,,,,0.0,,,,,49446.07358883261,55755.72704879437
46696.30469946678,,,,,,,,,,,,,0.0,,,,,48908.17756925074,55156.9260270208
48410.564656309325,,,,,,,,,,,,,0.0,,,,,48588.592033529574,54582.312255861034
48936.86258244155,,,,,,,,,,,,,0.0,,,,,48360.935536079305,54082.41316052244
47694.53050225176,,,,,,,,,,,,,0.0,,,,,48333.601037912835,53657.278760177964
46328.6963654447,,,,,,,,,,,,,0.0,,,,,48194.33421123721,53181.4467767799
46970.057050727024,,,,,,,,,,,,,0.0,,,,,47869.72774361657,52847.53793385245
46807.04861642627,,,,,,,,,,,,,0.0,,,,,47406.294924723916,52459.13103717751
47117.008204210455,,,,,,,,,,,,,0.0,,,,,47466.395425401584,52026.934255037275
49145.21725849885,,,,,,,,,,,,,0.0,,,,,47571.345797142945,51693.782187669676
48755.89564404483,,,,,,,,,,,,,0.0,,,,,47545.49337737199,51439.41681403276
50900.61494951601,,,,,,,,,,,,,0.0,,,,,48003.505441266876,51211.14420655701
50888.72103678683,,,,,,,,,,,,,0.0,,,,,48654.93753717289,51000.8287795734
50663.48710213215,,,,,,,,,,,,,0.0,,,,,49182.570401659344,50726.35011687787
50852.860259540656,,,,,,,,,,,,,0.0,,,,,49760.54349353283,50627.18569669473
50774.067814743,,,,,,,,,,,,,0.0,,,,,50282.98058075176,50501.874494438605
47725.14804631933,,,,,,,,,,,,,0.0,,,,,50080.1135504404,50184.790724746235
46506.99464767938,,,,,,,,,,,,,0.0,,,,,49758.84197953105,49806.73142843122
47191.86838983951,,,,,,,,,,,,,0.0,,,,,49229.021042434404,49479.417692284456
46319.65108805251,,,,,,,,,,,,,0.0,,,,,48576.29676404379,49117.76032875919
47816.07767640849,,,,,,,,,,,,,0.0,,,,,48169.52398894041,48828.020649505386
47387.212167697246,,,,,,,,,,,,,0.0,,,,,47674.43140439135,48614.72881601598
46531.140860530526,,,,,,,,,,,,,0.0,,,,,47068.298982361,48527.03382104783
45938.02427172366,,,,,,,,,,,,,0.0,,,,,46812.99558599019,48416.0189670873
43647.14750806805,,,,,,,,,,,,,0.0,,,,,46404.44599461714,48188.87132280491
43216.45867693359,,,,,,,,,,,,,0.0,,,,,45836.530321344864,47941.164498490776
41527.197042644846,,,,,,,,,,,,,0.0,,,,,45151.894029143776,47641.05579775917
41756.66232397826,,,,,,,,,,,,,0.0,,,,,44286.26326451088,47436.7488089112
41862.3609856517,,,,,,,,,,,,,0.0,,,,,43496.99880993295,47255.37537002712
41869.85905559219,,,,,,,,,,,,,0.0,,,,,42831.10140922747,47009.6272610778
42777.21102048236,,,,,,,,,,,,,0.0,,,,,42379.55665905013,46767.16501680473
43981.87732717414,,,,,,,,,,,,,0.0,,,,,42427.37520463672,46676.684104394975
42608.41001195019,,,,,,,,,,,,,0.0,,,,,42340.51110963909,46483.278949583
43120.85451108056,,,,,,,,,,,,,0.0,,,,,42568.17646227277,46289.41201387098
43226.65026980921,,,,,,,,,,,,,0.0,,,,,42778.174740248614,46140.482672789556
43119.79214308028,,,,,,,,,,,,,0.0,,,,,42957.80776273842,46033.51919871073
42298.341116872325,,,,,,,,,,,,,0.0,,,,,43019.01948577843,45877.79533424891
42395.45879157343,,,,,,,,,,,,,0.0,,,,,42964.48345307716,45730.742340087156
41749.55143098559,,,,,,,,,,,,,0.0,,,,,42645.579753621656,45551.827114313
40707.6824143097,,,,,,,,,,,,,0.0,,,,,42374.04723967301,45270.575952840016
36508.79978983082,,,,,,,,,,,,,0.0,,,,,41429.4679937802,44862.33942436622
35180.435462830384,,,,,,,,,,,,,0.0,,,,,40280.00873564037,44338.333441476694
36306.409440464704,,,,,,,,,,,,,0.0,,,,,39306.66834955242,43852.25638826596
36774.00714224005,,,,,,,,,,,,,0.0,,,,,38517.47778174781,43389.27372293622
36988.92851066736,,,,,,,,,,,,,0.0,,,,,37745.11631304694,42927.14266464045
36870.440166931,,,,,,,,,,,,,0.0,,,,,37048.100418182,42463.68840971337
37276.839558174994,,,,,,,,,,,,,0.0,,,,,36557.98001016276,42115.41146010857
37852.57902803263,,,,,,,,,,,,,0.0,,,,,36749.94847276302,41826.93093945367
38232.17873217708,,,,,,,,,,,,,0.0,,,,,37185.911796955406,41528.2746175316
37983.151499406464,,,,,,,,,,,,,0.0,,,,,37425.446376804226,41250.39129791006
38555.53446121157,,,,,,,,,,,,,0.0,,,,,37679.95027951444,40941.70652407016
38835.69494322237,,,,,,,,,,,,,0.0,,,,,37943.77405559373,40656.655949921
37000.98249864199,,,,,,,,,,,,,0.0,,,,,37962.42296012387,40338.98400452472
37101.351593780935,,,,,,,,,,,,,0.0,,,,,37937.35325092472,40044.4282485933
41673.8395543094,,,,,,,,,,,,,0.0,,,,,38483.2476118214,39978.65131680134
41493.690050910525,,,,,,,,,,,,,0.0,,,,,38949.177800211895,39921.22569593391
42475.543220951215,,,,,,,,,,,,,0.0,,,,,39590.948046146856,39952.83723521078
43910.92998644309,,,,,,,,,,,,,0.0,,,,,40356.00454975136,40024.64615729295
44184.447511676175,,,,,,,,,,,,,0.0,,,,,41120.112059530475,40102.04904149376
44383.88805541707,,,,,,,,,,,,,0.0,,,,,42174.812853355485,40185.85000815459
43628.13953235228,,,,,,,,,,,,,0.0,,,,,43107.21113029425,40214.21429188359
42445.38876793804,,,,,,,,,,,,,0.0,,,,,43217.43244652691,40162.99800657571
42254.738123237206,,,,,,,,,,,,,0.0,,,,,43326.15359971644,40151.20894361861
42247.83595326771,,,,,,,,,,,,,0.0,,,,,43293.62399004737,40122.10832502485
42634.573783663065,,,,,,,,,,,,,0.0,,,,,43111.28738965023,40102.37244215331
44574.32057099816,,,,,,,,,,,,,0.0,,,,,43166.983540981935,40150.85672308391
44063.28198279571,,,,,,,,,,,,,0.0,,,,,43121.182673464595,40209.68808528136
40562.98694982819,,,,,,,,,,,,,0.0,,,,,42683.30373310402,40148.60569055651
40073.495362369824,,,,,,,,,,,,,0.0,,,,,42344.461818022835,40092.73715493599
40192.75912143141,,,,,,,,,,,,,0.0,,,,,42049.89338919344,40075.57304517338
38514.00853622455,,,,,,,,,,,,,0.0,,,,,41516.48947247299,40142.413336719845
37059.97940228752,,,,,,,,,,,,,0.0,,,,,40720.1188465622,40205.06480136841
38337.2038554348,,,,,,,,,,,,,0.0,,,,,39829.10217291029,40272.75794853408
37372.2926803477,,,,,,,,,,,,,0.0,,,,,38873.246558274855,40292.700799804334
38363.345488570165,,,,,,,,,,,,,0.0,,,,,38559.01206380942,40338.51469906776
39316.16207578596,,,,,,,,,,,,,0.0,,,,,38450.82159429744,40420.038762696255
39090.202153609054,,,,,,,,,,,,,0.0,,,,,38293.3134560371,40480.48418254406
37803.59016044929,,,,,,,,,,,,,0.0,,,,,38191.82511664064,40478.85122029129
43225.40467743573,,,,,,,,,,,,,0.0,,,,,39072.60015594753,40645.29208513324
44459.59162774341,,,,,,,,,,,,,0.0,,,,,39947.22698056304,40861.17342274447
43980.707382090906,,,,,,,,,,,,,0.0,,,,,40891.28622366922,41042.01252010711
42491.97839335905,,,,,,,,,,,,,0.0,,,,,41481.09092435334,41163.88863511167
39200.29973557414,,,,,,,,,,,,,0.0,,,,,41464.53916146594,41237.19920967608
39463.14681149058,,,,,,,,,,,,,0.0,,,,,41517.816969734726,41315.92571693306
38442.99174588676,,,,,,,,,,,,,0.0,,,,,41609.16005336866,41208.23078998564
38076.49382252028,,,,,,,,,,,,,0.0,,,,,40873.6013598093,41094.3242490393
38732.93701302586,,,,,,,,,,,,,0.0,,,,,40055.50784342108,40969.57070877512
41986.03444607623,,,,,,,,,,,,,0.0,,,,,39770.55456684756,40905.40752409623
39468.35477300189,,,,,,,,,,,,,0.0,,,,,39338.608335367964,40748.204432807084
38775.17558840679,,,,,,,,,,,,,0.0,,,,,39277.87631434405,40561.24735057341
38903.69354800599,,,,,,,,,,,,,0.0,,,,,39197.95441956054,40403.765817761865
37852.52514106289,,,,,,,,,,,,,0.0,,,,,39113.60204744285,40250.6703635327
39669.423812004505,,,,,,,,,,,,,0.0,,,,,39341.16347451202,40164.493219824944
39331.84654059453,,,,,,,,,,,,,0.0,,,,,39426.721978450405,40067.293572735834
41165.63506140341,,,,,,,,,,,,,0.0,,,,,39309.522066354286,40018.32894866051
41001.70957801974,,,,,,,,,,,,,0.0,,,,,39528.57275278541,39899.24191556123
41837.41313797566,,,,,,,,,,,,,0.0,,,,,39966.03525986667,39825.04628740055
42201.939920688186,,,,,,,,,,,,,0.0,,,,,40437.213313106986,39879.67805309589
41283.25900104565,,,,,,,,,,,,,0.0,,,,,40927.31815024738,39920.00350771842
41061.81589384987,,,,,,,,,,,,,0.0,,,,,41126.23130479672,39948.97206679904
42401.89559748944,,,,,,,,,,,,,0.0,,,,,41564.80974149599,40078.568302174535
42802.15471016985,,,,,,,,,,,,,0.0,,,,,41798.598262748346,40269.97414577061
43936.09623454058,,,,,,,,,,,,,0.0,,,,,42217.79635653704,40456.6038917408
44331.77795706412,,,,,,,,,,,,,0.0,,,,,42574.134187835385,40688.58673429802
44510.84421762133,,,,,,,,,,,,,0.0,,,,,42903.97765882583,40893.50335859972
46715.1176185105,,,,,,,,,,,,,0.0,,,,,43679.95746132081,41140.13521002387
46994.879118357465,,,,,,,,,,,,,0.0,,,,,44527.53792196476,41403.624442182154
47459.261237539096,,,,,,,,,,,,,0.0,,,,,45250.01872768613,41725.48014475182
47063.36584996355,,,,,,,,,,,,,0.0,,,,,45858.763176228094,41853.41218383608
45528.40715313835,,,,,,,,,,,,,0.0,,,,,46086.2361645992,41889.03936801591
46270.20070585378,,,,,,,,,,,,,0.0,,,,,46363.15370014058,41965.35581214133
45842.14476317382,,,,,,,,,,,,,0.0,,,,,46553.339492362364,42077.0280244685
46434.562982661664,,,,,,,,,,,,,0.0,,,,,46513.260258669674,42318.17013270475
46622.63571309101,,,,,,,,,,,,,0.0,,,,,46460.08262934589,42556.819762758096
45635.45438126673,,,,,,,,,,,,,0.0,,,,,46199.53879273556,42796.56851727076
43198.77526936491,,,,,,,,,,,,,0.0,,,,,45647.45442407861,42967.31123216558
43515.15032279806,,,,,,,,,,,,,0.0,,,,,45359.846305458566,43126.71834249132
42315.70972421807,,,,,,,,,,,,,0.0,,,,,44794.91902236775,43137.70751842938
42796.39747810973,,,,,,,,,,,,,0.0,,,,,44359.8122673586,43248.64227526631
42274.907370256085,,,,,,,,,,,,,0.0,,,,,43765.57575130066,43365.30000132795
39603.96515928416,,,,,,,,,,,,,0.0,,,,,42762.90852932825,43388.64238837056
40205.67794073206,,,,,,,,,,,,,0.0,,,,,41987.22618068044,43467.080815026195
41205.16871904067,,,,,,,,,,,,,0.0,,,,,41702.42524491983,43518.2723119274
39959.457069033735,,,,,,,,,,,,,0.0,,,,,41194.46906581065,43539.19266287538
40586.59730938673,,,,,,,,,,,,,0.0,,,,,40947.453006549025,43519.891404474816
40450.37930543977,,,,,,,,,,,,,0.0,,,,,40612.30755331046,43501.51372872215
39739.11925622209,,,,,,,,,,,,,0.0,,,,,40250.05210844846,43431.57059933037
40833.5379650337,,,,,,,,,,,,,0.0,,,,,40425.70536641268,43385.95720080855
41498.12244669832,,,,,,,,,,,,,0.0,,,,,40610.34029583643,43393.11931566364
41397.220477279625,,,,,,,,,,,,,0.0,,,,,40637.776261299136,43404.29946844463
40528.54148675958,,,,,,,,,,,,,0.0,,,,,40719.07403525997,43341.8543314203
39756.848993471016,,,,,,,,,,,,,0.0,,,,,40600.538561557725,43240.34414086368
39561.78019075613,,,,,,,,,,,,,0.0,,,,,40473.59583088864,43094.533606070865
39469.04986198146,,,,,,,,,,,,,0.0,,,,,40435.01448885426,42932.4426695681
40488.877917622376,,,,,,,,,,,,,0.0,,,,,40385.77733922407,42798.37712623481
38134.21545068938,,,,,,,,,,,,,0.0,,,,,39905.21919693708,42512.3470539741
39237.94931747103,,,,,,,,,,,,,0.0,,,,,39596.751888393,42253.78272727789
39741.76664580964,,,,,,,,,,,,,0.0,,,,,39484.355482543004,41996.53290755358
38650.55013809267,,,,,,,,,,,,,0.0,,,,,39326.31278891752,41716.10571715787
37820.61176529208,,,,,,,,,,,,,0.0,,,,,39077.57444242266,41459.179204229666
38537.65476669535,,,,,,,,,,,,,0.0,,,,,38944.51800023893,41201.42767292439
38561.56539902362,,,,,,,,,,,,,0.0,,,,,38669.1876404391,40958.74169411938
37758.496107734,,,,,,,,,,,,,0.0,,,,,38615.51344858834,40669.53946495512
39699.02404125388,,,,,,,,,,,,,0.0,,,,,38681.3812662716,40438.75240922722
36612.22954880304,,,,,,,,,,,,,0.0,,,,,38234.3045381278,40137.9782481451
36116.394294982965,,,,,,,,,,,,,0.0,,,,,37872.28227482642,39901.89888233237
35573.31019883488,,,,,,,,,,,,,0.0,,,,,37551.239193903966,39637.17087820026
34070.31219757961,,,,,,,,,,,,,0.0,,,,,36913.047398316,39362.32429397898
30269.58695662948,,,,,,,,,,,,,0.0,,,,,35728.47904940255,38944.76394326297
31026.93386836242,,,,,,,,,,,,,0.0,,,,,34766.82730092089,38569.83149319985
28913.48836365432,,,,,,,,,,,,,0.0,,,,,33226.03648983524,38213.48226667885
29126.11597686014,,,,,,,,,,,,,0.0,,,,,32156.591693843402,37844.163534549785
29310.728959858257,,,,,,,,,,,,,0.0,,,,,31184.353788825585,37447.682209243714
30189.333177005963,,,,,,,,,,,,,0.0,,,,,30415.214214278596,37122.01141284278
31319.30911113,,,,,,,,,,,,,0.0,,,,,30022.213773357224,36813.10180623423
29923.606993639707,,,,,,,,,,,,,0.0,,,,,29972.788064358687,36462.209395840895
30502.19328027689,,,,,,,,,,,,,0.0,,,,,29897.82512320361,36154.31186330938
28772.200501112577,,,,,,,,,,,,,0.0,,,,,29877.641142840504,35752.26728117868
30382.40624219559,,,,,,,,,,,,,0.0,,,,,30057.111180745567,35381.74340769525
29256.81337441625,,,,,,,,,,,,,0.0,,,,,30049.408954253853,34977.06317093314
29491.5079477606,,,,,,,,,,,,,0.0,,,,,29949.719635790232,34609.16205296651
30351.050417138096,,,,,,,,,,,,,0.0,,,,,29811.396965219956,34295.635433755415
29163.167775739188,,,,,,,,,,,,,0.0,,,,,29702.762791234167,33949.01501992151
29655.02613175249,,,,,,,,,,,,,0.0,,,,,29581.73891287354,33621.88089558055
29584.949851985926,,,,,,,,,,,,,0.0,,,,,29697.845962998308,33258.416626726
29346.781442431617,,,,,,,,,,,,,0.0,,,,,29549.899563032024,32965.502159784075
28646.65218193245,,,,,,,,,,,,,0.0,,,,,29462.733678391483,32612.45892193279
29088.236452817226,,,,,,,,,,,,,0.0,,,,,29405.123464828142,32257.341248833043
29492.50321495364,,,,,,,,,,,,,0.0,,,,,29282.473864516076,31952.073018061743
31740.94072516695,,,,,,,,,,,,,0.0,,,,,29650.727143005755,31749.41731672424
31865.749621173167,,,,,,,,,,,,,0.0,,,,,29966.54478435157,31527.020478540162
29833.45033020525,,,,,,,,,,,,,0.0,,,,,30002.044852668616,31236.08330957955
30481.013996026013,,,,,,,,,,,,,0.0,,,,,30164.078074610672,30993.500572522622
29714.143487149733,,,,,,,,,,,,,0.0,,,,,30316.576832498857,30660.67122071915
29872.3603087139,,,,,,,,,,,,,0.0,,,,,30428.59452619838,30436.008912716174
29917.7640524562,,,,,,,,,,,,,0.0,,,,,30489.346074413035,30229.387904631953
31372.5847629755,,,,,,,,,,,,,0.0,,,,,30436.723794099966,30089.36372343664
31265.469277693348,,,,,,,,,,,,,0.0,,,,,30350.969459317133,29995.86895944043
30229.23683613037,,,,,,,,,,,,,0.0,,,,,30407.51038873501,29994.523955423796
30101.187521431468,,,,,,,,,,,,,0.0,,,,,30353.24946379293,29963.665743859427
29101.2982596468,,,,,,,,,,,,,0.0,,,,,30265.700145578227,29969.926073725845
28374.14499732395,,,,,,,,,,,,,0.0,,,,,30051.669386808237,29944.86037440797
26767.26917322132,,,,,,,,,,,,,0.0,,,,,29601.59868977468,29860.078381520074
22525.7683503912,,,,,,,,,,,,,0.0,,,,,28337.76777369121,29604.626220632916
22244.848968001315,,,,,,,,,,,,,0.0,,,,,27049.107729449486,29302.14421586196
22529.198114649807,,,,,,,,,,,,,0.0,,,,,25949.10219780941,29055.66391989563
20408.690490591813,,,,,,,,,,,,,0.0,,,,,24564.459764832314,28719.21382690612
20473.05288079512,,,,,,,,,,,,,0.0,,,,,23331.85328213922,28442.575572895545
19047.41782828195,,,,,,,,,,,,,0.0,,,,,21999.463686561787,28064.742625765088
20516.41197977524,,,,,,,,,,,,,0.0,,,,,21106.484087498062,27773.39591261039
20636.75891240637,,,,,,,,,,,,,0.0,,,,,20836.62559635737,27478.237611431916
20700.923933039136,,,,,,,,,,,,,0.0,,,,,20616.06487707706,27156.56672862861
19983.566482863105,,,,,,,,,,,,,0.0,,,,,20252.40321539325,26850.580018866083
21100.270533511088,,,,,,,,,,,,,0.0,,,,,20351.200364381715,26565.4214989247
21262.71348295613,,,,,,,,,,,,,0.0,,,,,20464.009021833288,26288.01361995704
21525.88036221139,,,,,,,,,,,,,0.0,,,,,20818.07509810892,26027.316917283035
21052.80539783573,,,,,,,,,,,,,0.0,,,,,20894.70272926042,25774.188691146475
20751.47753079077,,,,,,,,,,,,,0.0,,,,,20911.091103315335,25496.296727078927
20282.54247926969,,,,,,,,,,,,,0.0,,,,,20851.322324205415,25189.29803588946
20108.529472889782,,,,,,,,,,,,,0.0,,,,,20869.174179923513,24801.550994146888
19608.397493423083,,,,,,,,,,,,,0.0,,,,,20656.04945991094,24392.97258988855
19407.44743026248,,,,,,,,,,,,,0.0,,,,,20391.011452383274,24045.43915989046
19268.227002666128,,,,,,,,,,,,,0.0,,,,,20068.48954387681,23671.679593445133
19310.23321852184,,,,,,,,,,,,,0.0,,,,,19819.550661117682,23324.882584490868
20257.01232859288,,,,,,,,,,,,,0.0,,,,,19748.91277508941,23004.3709851535
20188.779663973284,,,,,,,,,,,,,0.0,,,,,19735.518087189925,22680.071505537406
20566.68722377,,,,,,,,,,,,,0.0,,,,,19800.96919445853,22319.874920897222
21660.596837075183,,,,,,,,,,,,,0.0,,,,,20094.14052926597,21999.712506209948
21858.818749217564,,,,,,,,,,,,,0.0,,,,,20444.33643197384,21720.69856997952
21589.628101459668,,,,,,,,,,,,,0.0,,,,,20775.965160372918,21436.97992264713
20859.81407965063,,,,,,,,,,,,,0.0,,,,,20997.333854819888,21162.26378331392
19998.46783957584,,,,,,,,,,,,,0.0,,,,,20960.398927817452,20883.074544722316
19350.73735007727,,,,,,,,,,,,,0.0,,,,,20840.678597260878,20635.85681728418
20225.23866433186,,,,,,,,,,,,,0.0,,,,,20791.900231626856,20559.17249441554
20574.84059150044,,,,,,,,,,,,,0.0,,,,,20636.792196544753,20503.505548532175
20794.811981436706,,,,,,,,,,,,,0.0,,,,,20484.791229718918,20445.69267742507
21193.08334336837,,,,,,,,,,,,,0.0,,,,,20428.141978563017,20471.83910585096
20824.36275165164,,,,,,,,,,,,,0.0,,,,,20423.077503134587,20483.549434879507
22395.365383103952,,,,,,,,,,,,,0.0,,,,,20765.49143792432,20595.14768670691
23366.90769792785,,,,,,,,,,,,,0.0,,,,,21339.23005904583,20690.164210645326
23313.296731959555,,,,,,,,,,,,,0.0,,,,,21780.381211564072,20779.382137963767
23155.207555248304,,,,,,,,,,,,,0.0,,,,,22149.005063528053,20861.191592037405
22696.90275429005,,,,,,,,,,,,,0.0,,,,,22420.73231679282,20951.636134418306
22506.199573628983,,,,,,,,,,,,,0.0,,,,,22608.320349687187,20998.50043575557
22613.71920824845,,,,,,,,,,,,,0.0,,,,,22863.942700629592,21043.533959931978
21330.295450788173,,,,,,,,,,,,,0.0,,,,,22711.78985315591,21037.014462884537
21235.61231608577,,,,,,,,,,,,,0.0,,,,,22407.319084321327,21043.10802682621
22908.884260468687,,,,,,,,,,,,,0.0,,,,,22349.545874108346,21115.021584482132
23822.06759782312,,,,,,,,,,,,,0.0,,,,,22444.811594476174,21233.005755100585
23847.58331873861,,,,,,,,,,,,,0.0,,,,,22609.194532254543,21357.640883295546
23653.4595494308,,,,,,,,,,,,,0.0,,,,,22773.088814511942,21492.476285162473
23379.70052509082,,,,,,,,,,,,,0.0,,,,,22882.514716917998,21624.88472165675
23333.749243312184,,,,,,,,,,,,,0.0,,,,,23168.722401564282,21760.40212967828
23053.84684748268,,,,,,,,,,,,,0.0,,,,,23428.47019176384,21885.189250643645
22860.42098438317,,,,,,,,,,,,,0.0,,,,,23421.546866608773,21971.96953916999
22678.363633874185,,,,,,,,,,,,,0.0,,,,,23258.160586044636,22054.955671500014
23225.036201942938,,,,,,,,,,,,,0.0,,,,,23169.22528364525,22143.56730410578
22984.57953144855,,,,,,,,,,,,,0.0,,,,,23073.670995362078,22187.70006058489
23197.603469525384,,,,,,,,,,,,,0.0,,,,,23047.6571302813,22232.32621792849
23823.67944245361,,,,,,,,,,,,,0.0,,,,,23117.647158730073,22306.79459596162
23203.680696781623,,,,,,,,,,,,,0.0,,,,,23139.051994344212,22384.92348319932
23948.82955327164,,,,,,,,,,,,,0.0,,,,,23294.538932756845,22516.60220698918
23948.75170368143,,,,,,,,,,,,,0.0,,,,,23476.022942729312,22669.86935210932
24411.37987152261,,,,,,,,,,,,,0.0,,,,,23645.50060981212,22809.40739234901
24433.653747243658,,,,,,,,,,,,,0.0,,,,,23852.511212068563,22938.03449754045
24312.54142489156,,,,,,,,,,,,,0.0,,,,,24011.788062835163,23055.29214565561
24179.0146523092,,,,,,,,,,,,,0.0,,,,,24062.55023567167,23154.823189286974
23913.333725628458,,,,,,,,,,,,,0.0,,,,,24163.92923979265,23257.78888841953
23359.418837070007,,,,,,,,,,,,,0.0,,,,,24079.7277089067,23289.924003551732
23248.38422819264,,,,,,,,,,,,,0.0,,,,,23979.675212408303,23285.973221227232
20945.8339660496,,,,,,,,,,,,,0.0,,,,,23484.59722591216,23207.0577956969
21175.232732989512,,,,,,,,,,,,,0.0,,,,,23019.10850959014,23141.058634954938
21615.761693416986,,,,,,,,,,,,,0.0,,,,,22633.85426223663,23105.0205995925
21387.747114773963,,,,,,,,,,,,,0.0,,,,,22235.101756874454,23067.738850964
21562.45153991356,,,,,,,,,,,,,0.0,,,,,21899.261444629465,23032.696595352838
21395.45846975991,,,,,,,,,,,,,0.0,,,,,21618.695677870885,23034.868695985228
21618.009019176647,,,,,,,,,,,,,0.0,,,,,21385.78493372574,23047.615252754927
20271.322951706014,,,,,,,,,,,,,0.0,,,,,21289.42621739094,22959.69654246284
20069.9533315962,,,,,,,,,,,,,0.0,,,,,21131.529160049042,22834.626066921934
19659.24670619362,,,,,,,,,,,,,0.0,,,,,20852.027019017132,22695.014846503775
20308.861447891457,,,,,,,,,,,,,0.0,,,,,20697.900495176775,22583.528243119126
19805.35069885804,,,,,,,,,,,,,0.0,,,,,20446.886089311698,22464.383248911367
20023.55444491251,,,,,,,,,,,,,0.0,,,,,20250.899800047784,22354.043422298048
20153.975977982507,,,,,,,,,,,,,0.0,,,,,20041.752222734332,22257.38105998137
19941.45137004716,,,,,,,,,,,,,0.0,,,,,19994.627711068784,22160.082072836834
19814.5642451146,,,,,,,,,,,,,0.0,,,,,19958.14355585713,22064.62209321152
19980.01322224228,,,,,,,,,,,,,0.0,,,,,20003.967343864082,21956.45466055483
19785.73350185514,,,,,,,,,,,,,0.0,,,,,19929.234780144605,21849.826459568387
18859.50008768028,,,,,,,,,,,,,0.0,,,,,19794.11326426207,21705.223013506886
19280.62547645678,,,,,,,,,,,,,0.0,,,,,19687.980554482678,21553.787881306987
19322.77774937157,,,,,,,,,,,,,0.0,,,,,19569.237950395403,21424.42444972665
21359.58252557909,,,,,,,,,,,,,0.0,,,,,19771.828115471388,21338.116215470232
21707.38731931814,,,,,,,,,,,,,0.0,,,,,20042.231411786186,21263.40406932479
21739.80437979554,,,,,,,,,,,,,0.0,,,,,20293.630148579505,21174.351552933884
22339.67050262336,,,,,,,,,,,,,0.0,,,,,20658.478291546395,21104.552111446545
20184.96749189655,,,,,,,,,,,,,0.0,,,,,20847.830777863004,20966.966313680045
20255.922978327133,,,,,,,,,,,,,0.0,,,,,20987.158992415913,20836.196591213975
19702.16988981172,,,,,,,,,,,,,0.0,,,,,21041.35786962165,20695.82446335342
19764.411712043777,,,,,,,,,,,,,0.0,,,,,20813.476324830892,20575.99089251921
20131.675305714027,,,,,,,,,,,,,0.0,,,,,20588.37460860173,20472.100595103253
19437.157867982634,,,,,,,,,,,,,0.0,,,,,20259.425106914172,20421.81139183436
19570.386709523507,,,,,,,,,,,,,0.0,,,,,19863.813136471337,20368.31652438549
18869.92880939053,,,,,,,,,,,,,0.0,,,,,19675.950467541905,20276.78876158461
18539.63523831258,,,,,,,,,,,,,0.0,,,,,19430.766504682684,20181.851699035895
19464.322663348463,,,,,,,,,,,,,0.0,,,,,19396.788329473646,20111.91406981706
19291.904802452067,,,,,,,,,,,,,0.0,,,,,19329.287342389114,20041.79561424013
18939.97058049937,,,,,,,,,,,,,0.0,,,,,19159.043810215593,19952.527666284223
18809.41143933244,,,,,,,,,,,,,0.0,,,,,19069.36574897985,19903.797282538435
19219.727780656474,,,,,,,,,,,,,0.0,,,,,19019.27161628456,19875.456430840444
19116.33116071044,,,,,,,,,,,,,0.0,,,,,19054.471952187403,19857.359245991003
19444.78777136297,,,,,,,,,,,,,0.0,,,,,19183.77945690889,19828.556790106722
19563.765161776904,,,,,,,,,,,,,0.0,,,,,19197.985528112953,19820.503938870686
19476.92659600407,,,,,,,,,,,,,0.0,,,,,19224.417212906093,19802.28301057374
19314.463835217448,,,,,,,,,,,,,0.0,,,,,19277.91624929439,19774.29927248157
19065.153837148988,,,,,,,,,,,,,0.0,,,,,19314.4508775539,19745.089354718297
19620.567543591394,,,,,,,,,,,,,0.0,,,,,19371.713700830318,19738.622798000855
20345.398520106643,,,,,,,,,,,,,0.0,,,,,19547.29475217263,19750.80230792967
20161.830614985047,,,,,,,,,,,,,0.0,,,,,19649.729444118642,19763.33887836733
19949.051041418512,,,,,,,,,,,,,0.0,,,,,19704.77028406744,19799.65724349194
19457.308951251147,,,,,,,,,,,,,0.0,,,,,19701.967763388453,19805.54669265175
19418.037989243952,,,,,,,,,,,,,0.0,,,,,19716.76407110653,19808.72203398083
19448.14900175761,,,,,,,,,,,,,0.0,,,,,19771.477666050614,19745.007583186783
19142.69476739289,,,,,,,,,,,,,0.0,,,,,19703.210126593684,19659.517831455938
19058.628039738272,,,,,,,,,,,,,0.0,,,,,19519.385772255348,19570.145286787367
19153.039779986982,,,,,,,,,,,,,0.0,,,,,19375.27279582705,19463.924262699486
19383.9432200889,,,,,,,,,,,,,0.0,,,,,19294.54310706568,19437.22345363923
19198.107144951755,,,,,,,,,,,,,0.0,,,,,19257.51427759434,19401.962925860054
19072.780513358884,,,,,,,,,,,,,0.0,,,,,19208.191781039324,19380.98327997829
19272.92184777201,,,,,,,,,,,,,0.0,,,,,19183.159330469956,19364.60028450256
19557.895548868444,,,,,,,,,,,,,0.0,,,,,19242.473727823606,19345.47429260771
19348.02936881037,,,,,,,,,,,,,0.0,,,,,19283.816774833907,19342.5033426353
19134.242664465204,,,,,,,,,,,,,0.0,,,,,19281.131472616507,19327.965207800025
19031.15987195947,,,,,,,,,,,,,0.0,,,,,19230.73385145516,19333.339576552324
19173.28046885863,,,,,,,,,,,,,0.0,,,,,19227.18718344186,19354.461084237195
19203.86547117714,,,,,,,,,,,,,0.0,,,,,19245.913605987324,19345.779177831482
19574.8242318408,,,,,,,,,,,,,0.0,,,,,19289.04251799715,19355.209825477774
19316.94062294213,,,,,,,,,,,,,0.0,,,,,19254.620385721963,19367.775493559195
20095.152230674925,,,,,,,,,,,,,0.0,,,,,19361.352223131187,19410.63351993728
20774.24749642604,,,,,,,,,,,,,0.0,,,,,19595.63862769702,19462.450843796265
20278.36623205219,,,,,,,,,,,,,0.0,,,,,19773.81096485312,19501.185346174327
20591.24120809861,,,,,,,,,,,,,0.0,,,,,19976.37678474455,19539.400460732177
20800.70708772471,,,,,,,,,,,,,0.0,,,,,20204.497015679914,19580.63185826377
20623.871497040946,,,,,,,,,,,,,0.0,,,,,20354.36091070851,19618.863354965
20494.60120983709,,,,,,,,,,,,,0.0,,,,,20522.59813740779,19658.201267452325
20489.646203160763,,,,,,,,,,,,,0.0,,,,,20578.95441919148,19705.684346319384
20162.980904822525,,,,,,,,,,,,,0.0,,,,,20491.630620390973,19723.764791693753
20210.91241711132,,,,,,,,,,,,,0.0,,,,,20481.99436111371,19719.281921593905
21150.3155839124,,,,,,,,,,,,,0.0,,,,,20561.862129087105,19752.231420558157
21282.98510942269,,,,,,,,,,,,,0.0,,,,,20630.758989329675,19796.695889491628
20906.99792695512,,,,,,,,,,,,,0.0,,,,,20671.205622174555,19845.018855348426
20597.75501706084,,,,,,,,,,,,,0.0,,,,,20685.941880349383,19884.342756275655
18562.353215089643,,,,,,,,,,,,,0.0,,,,,20410.614310624933,19854.816230053388
15742.444335961438,,,,,,,,,,,,,0.0,,,,,19779.109086501918,19741.474549005674
17594.923500278233,,,,,,,,,,,,,0.0,,,,,19405.396384097196,19692.68439769034
17080.215260565037,,,,,,,,,,,,,0.0,,,,,18823.953480761855,19623.590247042943
16797.98748257006,,,,,,,,,,,,,0.0,,,,,18183.239534068623,19537.391722458982
16344.342316001042,,,,,,,,,,,,,0.0,,,,,17531.431589646614,19442.266228160624
16645.828500283515,,,,,,,,,,,,,0.0,,,,,16966.870658678425,19361.367827724778
16890.52938386464,,,,,,,,,,,,,0.0,,,,,16728.038682789138,19281.954745594532
16689.39673273771,,,,,,,,,,,,,0.0,,,,,16863.31759661432,19186.338118390173
16718.361228055077,,,,,,,,,,,,,0.0,,,,,16738.094414868152,19098.68251369833
16707.022778986535,,,,,,,,,,,,,0.0,,,,,16684.781203214083,19017.775184182377
16712.729525794817,,,,,,,,,,,,,0.0,,,,,16672.601495103336,18940.494172643554
16304.07685562355,,,,,,,,,,,,,0.0,,,,,16666.849286477976,18844.854052202383
15814.335280855255,,,,,,,,,,,,,0.0,,,,,16548.064540845367,18731.869712524986
16171.628978315088,,,,,,,,,,,,,0.0,,,,,16445.364482909717,18618.429870740798
16608.00998544357,,,,,,,,,,,,,0.0,,,,,16433.737804724842,18528.13218282418
16596.03575847268,,,,,,,,,,,,,0.0,,,,,16416.262737641642,18411.4949670841
16524.449007720887,,,,,,,,,,,,,0.0,,,,,16390.180770317977,18269.8350174606
16456.156062496684,,,,,,,,,,,,,0.0,,,,,16353.527418418245,18142.42801180875
16459.149543755877,,,,,,,,,,,,,0.0,,,,,16375.680659580006,18004.691622997325
16222.210728731225,,,,,,,,,,,,,0.0,,,,,16433.948580705146,17852.07507769754
16441.979978419113,,,,,,,,,,,,,0.0,,,,,16472.57015214858,17712.67869374348
17186.502572066118,,,,,,,,,,,,,0.0,,,,,16555.211950237514,17602.408739151117
16972.73406077455,,,,,,,,,,,,,0.0,,,,,16609.025993423493,17485.178334404907
17084.87334047068,,,,,,,,,,,,,0.0,,,,,16689.086612387753,17382.574748926512
16923.38287008033,,,,,,,,,,,,,0.0,,,,,16755.833299185415,17272.990430692145
17149.93175096291,,,,,,,,,,,,,0.0,,,,,16854.51647164356,17139.644302927165
16973.372577553495,,,,,,,,,,,,,0.0,,,,,16961.8253071896,16995.990551864856
17085.64314125141,,,,,,,,,,,,,0.0,,,,,17053.777187594213,16868.612059008065
16851.30346863184,,,,,,,,,,,,,0.0,,,,,17005.891601389314,16743.7303407271
17235.014157992136,,,,,,,,,,,,,0.0,,,,,17043.360186706115,16699.48570549052
17149.824203925327,,,,,,,,,,,,,0.0,,,,,17052.63888148535,16746.39836775598
17125.364927688952,,,,,,,,,,,,,0.0,,,,,17081.493461143724,16730.746415336336
17101.038019732932,,,,,,,,,,,,,0.0,,,,,17074.508642396588,16731.4405073086
17179.596038203494,,,,,,,,,,,,,0.0,,,,,17103.969136775155,16744.160792496383
17784.162894053265,,,,,,,,,,,,,0.0,,,,,17203.757672889707,16792.154811764787
17808.71617265881,,,,,,,,,,,,,0.0,,,,,17340.53091632213,16830.9177341773
17338.358126632633,,,,,,,,,,,,,0.0,,,,,17355.29434041363,16845.845358936233
16623.75782614431,,,,,,,,,,,,,0.0,,,,,17280.142000730626,16843.657395383118
16806.48559206152,,,,,,,,,,,,,0.0,,,,,17234.587809926707,16846.594874183334
16742.816663834055,,,,,,,,,,,,,0.0,,,,,17183.413330512583,16847.788003678248
16422.562273279298,,,,,,,,,,,,,0.0,,,,,17075.265649809127,16838.115761927733
16899.331969046758,,,,,,,,,,,,,0.0,,,,,16948.861231951054,16857.95759904184
16816.85370118997,,,,,,,,,,,,,0.0,,,,,16807.16659316979,16891.374879719664
16824.790162441503,,,,,,,,,,,,,0.0,,,,,16733.799741142488,16913.146919190545
16791.45543916491,,,,,,,,,,,,,0.0,,,,,16757.756543002575,16919.26176764792
16848.568708323422,,,,,,,,,,,,,0.0,,,,,16763.768416754272,16927.679532642946
16842.177039905502,,,,,,,,,,,,,0.0,,,,,16777.96275619305,16938.2704670491
16900.081871938084,,,,,,,,,,,,,0.0,,,,,16846.179841715733,16953.06799403048
16701.840210667935,,,,,,,,,,,,,0.0,,,,,16817.966733375903,16961.15768292755
16538.906094001977,,,,,,,,,,,,,0.0,,,,,16778.25993234905,16971.714195103243
16644.379087037905,,,,,,,,,,,,,0.0,,,,,16752.486921577107,16978.4608320572
16604.020520373393,,,,,,,,,,,,,0.0,,,,,16725.71050460689,16959.044763667443
26141.823829503945,2023-08-24,12800164278.269156,-24.7999,0.15557019,-1.16729452,-1.92843509,-10.54215105,-14.21706445,-2.1771838,508901577397.7618,48.3418,548978300419.58,0.0,2023-08-24 23:48:00+00:00,24.0,8.0,2023.0,18053.318379061246,17264.681089291757
