price,date,volume_24h,volume_change_24h,percent_change_1h,percent_change_24h,percent_change_7d,percent_change_30d,percent_change_60d,percent_change_90d,market_cap,market_cap_dominance,fully_diluted_market_cap,tvl,last_updated
29022.41839530417,2021-01-01,,,,,,,,,,,,,
29352.12679194895,2021-01-02,,,,,,,,,,,,,
32163.82493533521,2021-01-03,,,,,,,,,,,,,
33008.226203489285,2021-01-04,,,,,,,,,,,,,
31515.575966658354,2021-01-05,,,,,,,,,,,,,
34082.20604904424,2021-01-06,,,,,,,,,,,,,
36933.520137309126,2021-01-07,,,,,,,,,,,,,
39547.08408135567,2021-01-08,,,,,,,,,,,,,
40815.96185478254,2021-01-09,,,,,,,,,,,,,
40296.5290038294,2021-01-10,,,,,,,,,,,,,
38397.895985418174,2021-01-11,,,,,,,,,,,,,
35669.90668663349,2021-01-12,,,,,,,,,,,,,
33938.33587810088,2021-01-13,,,,,,,,,,,,,
37456.00772548642,2021-01-14,,,,,,,,,,,,,
39232.74997140346,2021-01-15,,,,,,,,,,,,,
36787.52121668496,2021-01-16,,,,,,,,,,,,,
36254.713079410845,2021-01-17,,,,,,,,,,,,,
35804.263885674685,2021-01-18,,,,,,,,,,,,,
36595.4647692826,2021-01-19,,,,,,,,,,,,,
36104.86385775514,2021-01-20,,,,,,,,,,,,,
35587.489202735545,2021-01-21,,,,,,,,,,,,,
30913.695736053804,2021-01-22,,,,,,,,,,,,,
32957.908782655926,2021-01-23,,,,,,,,,,,,,
32068.08737440817,2021-01-24,,,,,,,,,,,,,
32273.51735032927,2021-01-25,,,,,,,,,,,,,
32375.320062981456,2021-01-26,,,,,,,,,,,,,
32582.10944502123,2021-01-27,,,,,,,,,,,,,
30445.52586511351,2021-01-28,,,,,,,,,,,,,
33128.34752861149,2021-01-29,,,,,,,,,,,,,
34150.81876737221,2021-01-30,,,,,,,,,,,,,
34199.51981036302,2021-01-31,,,,,,,,,,,,,
33064.78676701507,2021-02-01,,,,,,,,,,,,,
33405.99035714327,2021-02-02,,,,,,,,,,,,,
35485.98593382442,2021-02-03,,,,,,,,,,,,,
37494.71762460426,2021-02-04,,,,,,,,,,,,,
36816.50808203406,2021-02-05,,,,,,,,,,,,,
38007.83222908396,2021-02-06,,,,,,,,,,,,,
39279.41286897885,2021-02-07,,,,,,,,,,,,,
38833.34026455532,2021-02-08,,,,,,,,,,,,,
46307.57412159395,2021-02-09,,,,,,,,,,,,,
46569.56483,2021-02-10,,,,,,,,,,,,,
44848.69344950499,2021-02-11,,,,,,,,,,,,,
47815.96175554316,2021-02-12,,,,,,,,,,,,,
47414.1862550079,2021-02-13,,,,,,,,,,,,,
46941.29208582354,2021-02-14,,,,,,,,,,,,,
48607.8745224845,2021-02-15,,,,,,,,,,,,,
47898.487027633135,2021-02-16,,,,,,,,,,,,,
49238.13690672487,2021-02-17,,,,,,,,,,,,,
52143.6788446198,2021-02-18,,,,,,,,,,,,,
51733.075539032034,2021-02-19,,,,,,,,,,,,,
56038.72775892988,2021-02-20,,,,,,,,,,,,,
56377.63347790987,2021-02-21,,,,,,,,,,,,,
57669.3035269179,2021-02-22,,,,,,,,,,,,,
54410.85629451601,2021-02-23,,,,,,,,,,,,,
48691.894831704405,2021-02-24,,,,,,,,,,,,,
49849.37871358314,2021-02-25,,,,,,,,,,,,,
46992.665450048495,2021-02-26,,,,,,,,,,,,,
46551.48747675472,2021-02-27,,,,,,,,,,,,,
46653.52639939581,2021-02-28,,,,,,,,,,,,,
44970.163459946736,2021-03-01,,,,,,,,,,,,,
49787.33995949672,2021-03-02,,,,,,,,,,,,,
48532.23678981703,2021-03-03,,,,,,,,,,,,,
50577.45746915202,2021-03-04,,,,,,,,,,,,,
48727.45120080115,2021-03-05,,,,,,,,,,,,,
49091.81488232977,2021-03-06,,,,,,,,,,,,,
49019.36859236582,2021-03-07,,,,,,,,,,,,,
51313.09262027362,2021-03-08,,,,,,,,,,,,,
52328.5359126325,2021-03-09,,,,,,,,,,,,,
54700.27343927744,2021-03-10,,,,,,,,,,,,,
56020.4877195857,2021-03-11,,,,,,,,,,,,,
57788.86810329514,2021-03-12,,,,,,,,,,,,,
57353.86147197248,2021-03-13,,,,,,,,,,,,,
61315.197932766816,2021-03-14,,,,,,,,,,,,,
59428.96756602776,2021-03-15,,,,,,,,,,,,,
55805.32924923426,2021-03-16,,,,,,,,,,,,,
56830.253335076224,2021-03-17,,,,,,,,,,,,,
59014.92563205099,2021-03-18,,,,,,,,,,,,,
57922.40959262911,2021-03-19,,,,,,,,,,,,,
58243.27060892363,2021-03-20,,,,,,,,,,,,,
58376.15847137206,2021-03-21,,,,,,,,,,,,,
57573.539344778685,2021-03-22,,,,,,,,,,,,,
54370.13755789519,2021-03-23,,,,,,,,,,,,,
54584.86994699455,2021-03-24,,,,,,,,,,,,,
52526.86659704657,2021-03-25,,,,,,,,,,,,,
51416.90830498005,2021-03-26,,,,,,,,,,,,,
55033.10048044704,2021-03-27,,,,,,,,,,,,,
55832.41810961832,2021-03-28,,,,,,,,,,,,,
55728.10132780653,2021-03-29,,,,,,,,,,,,,
57634.92869447539,2021-03-30,,,,,,,,,,,,,
58668.628336761,2021-03-31,,,,,,,,,,,,,
58817.3738884188,2021-04-01,,,,,,,,,,,,,
58801.194843878126,2021-04-02,,,,,,,,,,,,,
59060.02678333801,2021-04-03,,,,,,,,,,,,,
57060.40665471088,2021-04-04,,,,,,,,,,,,,
58228.8026234662,2021-04-05,,,,,,,,,,,,,
58706.81559311396,2021-04-06,,,,,,,,,,,,,
58062.17872433649,2021-04-07,,,,,,,,,,,,,
56134.41738866435,2021-04-08,,,,,,,,,,,,,
58065.64402481532,2021-04-09,,,,,,,,,,,,,
58152.99326214184,2021-04-10,,,,,,,,,,,,,
59979.39281571831,2021-04-11,,,,,,,,,,,,,
59988.02095852983,2021-04-12,,,,,,,,,,,,,
59911.02059484732,2021-04-13,,,,,,,,,,,,,
63576.67604104828,2021-04-14,,,,,,,,,,,,,
62807.12323259299,2021-04-15,,,,,,,,,,,,,
63179.772446084695,2021-04-16,,,,,,,,,,,,,
61497.2995694412,2021-04-17,,,,,,,,,,,,,
60273.86667694734,2021-04-18,,,,,,,,,,,,,
56288.94534001195,2021-04-19,,,,,,,,,,,,,
55721.166052695626,2021-04-20,,,,,,,,,,,,,
56294.728558586925,2021-04-21,,,,,,,,,,,,,
54190.07026283405,2021-04-22,,,,,,,,,,,,,
51965.5664304852,2021-04-23,,,,,,,,,,,,,
51191.1246964079,2021-04-24,,,,,,,,,,,,,
50133.1073963654,2021-04-25,,,,,,,,,,,,,
48981.4413932161,2021-04-26,,,,,,,,,,,,,
53978.80554728962,2021-04-27,,,,,,,,,,,,,
54991.81484262107,2021-04-28,,,,,,,,,,,,,
54810.6138506792,2021-04-29,,,,,,,,,,,,,
53596.70402266675,2021-04-30,,,,,,,,,,,,,
57828.511814425874,2021-05-01,,,,,,,,,,,,,
57812.96915967891,2021-05-02,,,,,,,,,,,,,
56600.74528738432,2021-05-03,,,,,,,,,,,,,
57200.30029871162,2021-05-04,,,,,,,,,,,,,
53464.37021950372,2021-05-05,,,,,,,,,,,,,
57432.100227087576,2021-05-06,,,,,,,,,,,,,
56507.7594398696,2021-05-07,,,,,,,,,,,,,
57361.56904328887,2021-05-08,,,,,,,,,,,,,
58771.88168950936,2021-05-09,,,,,,,,,,,,,
58213.92629374439,2021-05-10,,,,,,,,,,,,,
55901.66759456145,2021-05-11,,,,,,,,,,,,,
56928.97235660158,2021-05-12,,,,,,,,,,,,,
50004.76218313686,2021-05-13,,,,,,,,,,,,,
49972.79539837245,2021-05-14,,,,,,,,,,,,,
49913.26314398822,2021-05-15,,,,,,,,,,,,,
46780.90230468821,2021-05-16,,,,,,,,,,,,,
46585.06413538846,2021-05-17,,,,,,,,,,,,,
43780.82559782485,2021-05-18,,,,,,,,,,,,,
43091.04144756922,2021-05-19,,,,,,,,,,,,,
37287.39140242737,2021-05-20,,,,,,,,,,,,,
40437.73009625558,2021-05-21,,,,,,,,,,,,,
37339.63420134628,2021-05-22,,,,,,,,,,,,,
37520.31767547438,2021-05-23,,,,,,,,,,,,,
34977.527801962424,2021-05-24,,,,,,,,,,,,,
38642.4422973396,2021-05-25,,,,,,,,,,,,,
38210.80521759389,2021-05-26,,,,,,,,,,,,,
39406.934244116186,2021-05-27,,,,,,,,,,,,,
38642.89555434217,2021-05-28,,,,,,,,,,,,,
35710.220936529884,2021-05-29,,,,,,,,,,,,,
34775.07941347281,2021-05-30,,,,,,,,,,,,,
35714.75202018067,2021-05-31,,,,,,,,,,,,,
37340.6792659422,2021-06-01,,,,,,,,,,,,,
36680.06820180283,2021-06-02,,,,,,,,,,,,,
37685.71798174826,2021-06-03,,,,,,,,,,,,,
39151.31618380032,2021-06-04,,,,,,,,,,,,,
36938.72031139185,2021-06-05,,,,,,,,,,,,,
35546.98596483364,2021-06-06,,,,,,,,,,,,,
35834.4744744042,2021-06-07,,,,,,,,,,,,,
33451.38340714534,2021-06-08,,,,,,,,,,,,,
33557.15068309184,2021-06-09,,,,,,,,,,,,,
37553.64375851888,2021-06-10,,,,,,,,,,,,,
36903.304906778896,2021-06-11,,,,,,,,,,,,,
37289.43252210222,2021-06-12,,,,,,,,,,,,,
35666.14977877309,2021-06-13,,,,,,,,,,,,,
39147.70567879997,2021-06-14,,,,,,,,,,,,,
40624.51305316154,2021-06-15,,,,,,,,,,,,,
40378.20254971114,2021-06-16,,,,,,,,,,,,,
38321.454656574206,2021-06-17,,,,,,,,,,,,,
38193.61914194397,2021-06-18,,,,,,,,,,,,,
35881.11137137543,2021-06-19,,,,,,,,,,,,,
35581.64226773201,2021-06-20,,,,,,,,,,,,,
35787.07740523232,2021-06-21,,,,,,,,,,,,,
31711.93546772701,2021-06-22,,,,,,,,,,,,,
32507.738707026845,2021-06-23,,,,,,,,,,,,,
33702.61779371396,2021-06-24,,,,,,,,,,,,,
34675.44910530336,2021-06-25,,,,,,,,,,,,,
31943.136467863093,2021-06-26,,,,,,,,,,,,,
32023.97390177492,2021-06-27,,,,,,,,,,,,,
34607.293274083386,2021-06-28,,,,,,,,,,,,,
34556.8421269449,2021-06-29,,,,,,,,,,,,,
35968.993667970346,2021-06-30,,,,,,,,,,,,,
35171.486304850056,2021-07-01,,,,,,,,,,,,,
33677.566235922626,2021-07-02,,,,,,,,,,,,,
33950.786555181,2021-07-03,,,,,,,,,,,,,
34729.89077801021,2021-07-04,,,,,,,,,,,,,
35394.213074080915,2021-07-05,,,,,,,,,,,,,
33928.13421837147,2021-07-06,,,,,,,,,,,,,
34149.98981477412,2021-07-07,,,,,,,,,,,,,
33932.25463831538,2021-07-08,,,,,,,,,,,,,
32933.578199292395,2021-07-09,,,,,,,,,,,,,
33971.29774975796,2021-07-10,,,,,,,,,,,,,
33704.53847440508,2021-07-11,,,,,,,,,,,,,
34299.938016517444,2021-07-12,,,,,,,,,,,,,
33262.6543524462,2021-07-13,,,,,,,,,,,,,
32676.38380096018,2021-07-14,,,,,,,,,,,,,
32878.50187357147,2021-07-15,,,,,,,,,,,,,
31726.038833909817,2021-07-16,,,,,,,,,,,,,
31399.653128682126,2021-07-17,,,,,,,,,,,,,
31588.6713510167,2021-07-18,,,,,,,,,,,,,
31919.393922554555,2021-07-19,,,,,,,,,,,,,
30928.211908849244,2021-07-20,,,,,,,,,,,,,
29971.903783612062,2021-07-21,,,,,,,,,,,,,
32383.78112696872,2021-07-22,,,,,,,,,,,,,
32409.499767175417,2021-07-23,,,,,,,,,,,,,
33455.55127272261,2021-07-24,,,,,,,,,,,,,
34213.59993217662,2021-07-25,,,,,,,,,,,,,
35456.12466076684,2021-07-26,,,,,,,,,,,,,
37281.91809217662,2021-07-27,,,,,,,,,,,,,
39076.59377063225,2021-07-28,,,,,,,,,,,,,
40031.19824444798,2021-07-29,,,,,,,,,,,,,
39977.75693922764,2021-07-30,,,,,,,,,,,,,
41936.261478677225,2021-07-31,,,,,,,,,,,,,
41754.16660435275,2021-08-01,,,,,,,,,,,,,
39914.82975848789,2021-08-02,,,,,,,,,,,,,
39278.76650810368,2021-08-03,,,,,,,,,,,,,
38368.35401197897,2021-08-04,,,,,,,,,,,,,
39751.58457509862,2021-08-05,,,,,,,,,,,,,
40825.3819404497,2021-08-06,,,,,,,,,,,,,
42802.13717474142,2021-08-07,,,,,,,,,,,,,
44647.57760300116,2021-08-08,,,,,,,,,,,,,
43753.21786264632,2021-08-09,,,,,,,,,,,,,
46311.00189857689,2021-08-10,,,,,,,,,,,,,
45639.51401890709,2021-08-11,,,,,,,,,,,,,
45652.06012506926,2021-08-12,,,,,,,,,,,,,
44495.20979327958,2021-08-13,,,,,,,,,,,,,
47717.27052766495,2021-08-14,,,,,,,,,,,,,
47088.85313451467,2021-08-15,,,,,,,,,,,,,
47025.00323011282,2021-08-16,,,,,,,,,,,,,
46031.75754362583,2021-08-17,,,,,,,,,,,,,
44534.45485421991,2021-08-18,,,,,,,,,,,,,
45015.46554608543,2021-08-19,,,,,,,,,,,,,
46745.03462296988,2021-08-20,,,,,,,,,,,,,
49195.87860189616,2021-08-21,,,,,,,,,,,,,
48933.68915131164,2021-08-22,,,,,,,,,,,,,
49250.54486971799,2021-08-23,,,,,,,,,,,,,
49518.57748790696,2021-08-24,,,,,,,,,,,,,
47940.6079149608,2021-08-25,,,,,,,,,,,,,
49002.70376627545,2021-08-26,,,,,,,,,,,,,
47229.070650876114,2021-08-27,,,,,,,,,,,,,
49083.10330586219,2021-08-28,,,,,,,,,,,,,
48936.53725414221,2021-08-29,,,,,,,,,,,,,
48907.27073106221,2021-08-30,,,,,,,,,,,,,
47124.25422469402,2021-08-31,,,,,,,,,,,,,
47335.42029920565,2021-09-01,,,,,,,,,,,,,
48823.05520964915,2021-09-02,,,,,,,,,,,,,
49338.78465183332,2021-09-03,,,,,,,,,,,,,
49934.5282762881,2021-09-04,,,,,,,,,,,,,
50013.02994694588,2021-09-05,,,,,,,,,,,,,
51696.206431317885,2021-09-06,,,,,,,,,,,,,
52739.80016634552,2021-09-07,,,,,,,,,,,,,
46995.16417095979,2021-09-08,,,,,,,,,,,,,
46085.02861578186,2021-09-09,,,,,,,,,,,,,
46518.94118660236,2021-09-10,,,,,,,,,,,,,
44802.60640249699,2021-09-11,,,,,,,,,,,,,
45196.488277558245,2021-09-12,,,,,,,,,,,,,
46195.21830082935,2021-09-13,,,,,,,,,,,,,
45139.83396873267,2021-09-14,,,,,,,,,,,,,
47135.43199562694,2021-09-15,,,,,,,,,,,,,
48186.53275704722,2021-09-16,,,,,,,,,,,,,
47879.47343992101,2021-09-17,,,,,,,,,,,,,
47228.65821623257,2021-09-18,,,,,,,,,,,,,
48266.62707279063,2021-09-19,,,,,,,,,,,,,
47371.03933236471,2021-09-20,,,,,,,,,,,,,
42932.94659595412,2021-09-21,,,,,,,,,,,,,
40386.62363528928,2021-09-22,,,,,,,,,,,,,
43587.22305058473,2021-09-23,,,,,,,,,,,,,
44980.898214810935,2021-09-24,,,,,,,,,,,,,
42752.1681545072,2021-09-25,,,,,,,,,,,,,
42856.85516422452,2021-09-26,,,,,,,,,,,,,
43336.86123324274,2021-09-27,,,,,,,,,,,,,
42247.35572900636,2021-09-28,,,,,,,,,,,,,
41010.37519836549,2021-09-29,,,,,,,,,,,,,
41587.66786232295,2021-09-30,,,,,,,,,,,,,
43859.32614724109,2021-10-01,,,,,,,,,,,,,
48181.87627260008,2021-10-02,,,,,,,,,,,,,
47777.762019063,2021-10-03,,,,,,,,,,,,,
48282.97113857447,2021-10-04,,,,,,,,,,,,,
49260.23232113069,2021-10-05,,,,,,,,,,,,,
51668.99422435564,2021-10-06,,,,,,,,,,,,,
55415.00574202895,2021-10-07,,,,,,,,,,,,,
53894.59599452107,2021-10-08,,,,,,,,,,,,,
54010.93747374405,2021-10-09,,,,,,,,,,,,,
55125.46033768045,2021-10-10,,,,,,,,,,,,,
54711.86959664297,2021-10-11,,,,,,,,,,,,,
57572.51085559653,2021-10-12,,,,,,,,,,,,,
56335.035460511535,2021-10-13,,,,,,,,,,,,,
57487.9858804222,2021-10-14,,,,,,,,,,,,,
57452.43178503547,2021-10-15,,,,,,,,,,,,,
61809.02394427028,2021-10-16,,,,,,,,,,,,,
61165.63564211521,2021-10-17,,,,,,,,,,,,,
61583.77443961336,2021-10-18,,,,,,,,,,,,,
62017.972725178704,2021-10-19,,,,,,,,,,,,,
64517.64856042277,2021-10-20,,,,,,,,,,,,,
66237.51755029388,2021-10-21,,,,,,,,,,,,,
62541.08693293518,2021-10-22,,,,,,,,,,,,,
61029.27093182092,2021-10-23,,,,,,,,,,,,,
61572.14043422243,2021-10-24,,,,,,,,,,,,,
61173.1663907232,2021-10-25,,,,,,,,,,,,,
63228.21382584213,2021-10-26,,,,,,,,,,,,,
60604.18888794746,2021-10-27,,,,,,,,,,,,,
58641.00147419492,2021-10-28,,,,,,,,,,,,,
60767.55585206728,2021-10-29,,,,,,,,,,,,,
62283.19805587354,2021-10-30,,,,,,,,,,,,,
61837.257002978935,2021-10-31,,,,,,,,,,,,,
61471.86846276259,2021-11-01,,,,,,,,,,,,,
61121.83120106507,2021-11-02,,,,,,,,,,,,,
63247.20896127831,2021-11-03,,,,,,,,,,,,,
63130.94235171542,2021-11-04,,,,,,,,,,,,,
61601.74357204975,2021-11-05,,,,,,,,,,,,,
61247.38494217787,2021-11-06,,,,,,,,,,,,,
61661.35866372036,2021-11-07,,,,,,,,,,,,,
63153.230193019495,2021-11-08,,,,,,,,,,,,,
67617.0155448617,2021-11-09,,,,,,,,,,,,,
67145.37493537061,2021-11-10,,,,,,,,,,,,,
65061.05440696283,2021-11-11,,,,,,,,,,,,,
65005.64515956679,2021-11-12,,,,,,,,,,,,,
64432.04794734522,2021-11-13,,,,,,,,,,,,,
64660.33535267343,2021-11-14,,,,,,,,,,,,,
65648.97779110243,2021-11-15,,,,,,,,,,,,,
63933.83544259933,2021-11-16,,,,,,,,,,,,,
60448.56251258625,2021-11-17,,,,,,,,,,,,,
60603.65586738653,2021-11-18,,,,,,,,,,,,,
56987.32233855049,2021-11-19,,,,,,,,,,,,,
58459.25551667463,2021-11-20,,,,,,,,,,,,,
60082.91166841709,2021-11-21,,,,,,,,,,,,,
59139.77927952717,2021-11-22,,,,,,,,,,,,,
56386.85685315215,2021-11-23,,,,,,,,,,,,,
57748.79317378856,2021-11-24,,,,,,,,,,,,,
57198.18384629529,2021-11-25,,,,,,,,,,,,,
58897.84698299794,2021-11-26,,,,,,,,,,,,,
53827.79286503472,2021-11-27,,,,,,,,,,,,,
54533.40388242691,2021-11-28,,,,,,,,,,,,,
57237.66113709043,2021-11-29,,,,,,,,,,,,,
57848.77353712989,2021-11-30,,,,,,,,,,,,,
57011.28047424234,2021-12-01,,,,,,,,,,,,,
57169.37199381056,2021-12-02,,,,,,,,,,,,,
56508.26805402271,2021-12-03,,,,,,,,,,,,,
53785.96717237922,2021-12-04,,,,,,,,,,,,,
49161.99070957517,2021-12-05,,,,,,,,,,,,,
49268.46989053938,2021-12-06,,,,,,,,,,,,,
50461.57683653979,2021-12-07,,,,,,,,,,,,,
50647.66340635755,2021-12-08,,,,,,,,,,,,,
50530.4580645934,2021-12-09,,,,,,,,,,,,,
47885.87198941706,2021-12-10,,,,,,,,,,,,,
47303.56415217411,2021-12-11,,,,,,,,,,,,,
49242.30232407148,2021-12-12,,,,,,,,,,,,,
50051.078348674855,2021-12-13,,,,,,,,,,,,,
46696.30469946678,2021-12-14,,,,,,,,,,,,,
48410.564656309325,2021-12-15,,,,,,,,,,,,,
48936.86258244155,2021-12-16,,,,,,,,,,,,,
47694.53050225176,2021-12-17,,,,,,,,,,,,,
46328.6963654447,2021-12-18,,,,,,,,,,,,,
46970.057050727024,2021-12-19,,,,,,,,,,,,,
46807.04861642627,2021-12-20,,,,,,,,,,,,,
47117.008204210455,2021-12-21,,,,,,,,,,,,,
49145.21725849885,2021-12-22,,,,,,,,,,,,,
48755.89564404483,2021-12-23,,,,,,,,,,,,,
50900.61494951601,2021-12-24,,,,,,,,,,,,,
50888.72103678683,2021-12-25,,,,,,,,,,,,,
50663.48710213215,2021-12-26,,,,,,,,,,,,,
50852.860259540656,2021-12-27,,,,,,,,,,,,,
50774.067814743,2021-12-28,,,,,,,,,,,,,
47725.14804631933,2021-12-29,,,,,,,,,,,,,
46506.99464767938,2021-12-30,,,,,,,,,,,,,
47191.86838983951,2021-12-31,,,,,,,,,,,,,
46319.65108805251,2022-01-01,,,,,,,,,,,,,
47816.07767640849,2022-01-02,,,,,,,,,,,,,
47387.212167697246,2022-01-03,,,,,,,,,,,,,
46531.140860530526,2022-01-04,,,,,,,,,,,,,
45938.02427172366,2022-01-05,,,,,,,,,,,,,
43647.14750806805,2022-01-06,,,,,,,,,,,,,
43216.45867693359,2022-01-07,,,,,,,,,,,,,
41527.197042644846,2022-01-08,,,,,,,,,,,,,
41756.66232397826,2022-01-09,,,,,,,,,,,,,
41862.3609856517,2022-01-10,,,,,,,,,,,,,
41869.85905559219,2022-01-11,,,,,,,,,,,,,
42777.21102048236,2022-01-12,,,,,,,,,,,,,
43981.87732717414,2022-01-13,,,,,,,,,,,,,
42608.41001195019,2022-01-14,,,,,,,,,,,,,
43120.85451108056,2022-01-15,,,,,,,,,,,,,
43226.65026980921,2022-01-16,,,,,,,,,,,,,
43119.79214308028,2022-01-17,,,,,,,,,,,,,
42298.341116872325,2022-01-18,,,,,,,,,,,,,
42395.45879157343,2022-01-19,,,,,,,,,,,,,
41749.55143098559,2022-01-20,,,,,,,,,,,,,
40707.6824143097,2022-01-21,,,,,,,,,,,,,
36508.79978983082,2022-01-22,,,,,,,,,,,,,
35180.435462830384,2022-01-23,,,,,,,,,,,,,
36306.409440464704,2022-01-24,,,,,,,,,,,,,
36774.00714224005,2022-01-25,,,,,,,,,,,,,
36988.92851066736,2022-01-26,,,,,,,,,,,,,
36870.440166931,2022-01-27,,,,,,,,,,,,,
37276.839558174994,2022-01-28,,,,,,,,,,,,,
37852.57902803263,2022-01-29,,,,,,,,,,,,,
38232.17873217708,2022-01-30,,,,,,,,,,,,,
37983.151499406464,2022-01-31,,,,,,,,,,,,,
38555.53446121157,2022-02-01,,,,,,,,,,,,,
38835.69494322237,2022-02-02,,,,,,,,,,,,,
37000.98249864199,2022-02-03,,,,,,,,,,,,,
37101.351593780935,2022-02-04,,,,,,,,,,,,,
41673.8395543094,2022-02-05,,,,,,,,,,,,,
41493.690050910525,2022-02-06,,,,,,,,,,,,,
42475.543220951215,2022-02-07,,,,,,,,,,,,,
43910.92998644309,2022-02-08,,,,,,,,,,,,,
44184.447511676175,2022-02-09,,,,,,,,,,,,,
44383.88805541707,2022-02-10,,,,,,,,,,,,,
43628.13953235228,2022-02-11,,,,,,,,,,,,,
42445.38876793804,2022-02-12,,,,,,,,,,,,,
42254.738123237206,2022-02-13,,,,,,,,,,,,,
42247.83595326771,2022-02-14,,,,,,,,,,,,,
42634.573783663065,2022-02-15,,,,,,,,,,,,,
44574.32057099816,2022-02-16,,,,,,,,,,,,,
44063.28198279571,2022-02-17,,,,,,,,,,,,,
40562.98694982819,2022-02-18,,,,,,,,,,,,,
40073.495362369824,2022-02-19,,,,,,,,,,,,,
40192.75912143141,2022-02-20,,,,,,,,,,,,,
38514.00853622455,2022-02-21,,,,,,,,,,,,,
37059.97940228752,2022-02-22,,,,,,,,,,,,,
38337.2038554348,2022-02-23,,,,,,,,,,,,,
37372.2926803477,2022-02-24,,,,,,,,,,,,,
38363.345488570165,2022-02-25,,,,,,,,,,,,,
39316.16207578596,2022-02-26,,,,,,,,,,,,,
39090.202153609054,2022-02-27,,,,,,,,,,,,,
37803.59016044929,2022-02-28,,,,,,,,,,,,,
43225.40467743573,2022-03-01,,,,,,,,,,,,,
44459.59162774341,2022-03-02,,,,,,,,,,,,,
43980.707382090906,2022-03-03,,,,,,,,,,,,,
42491.97839335905,2022-03-04,,,,,,,,,,,,,
39200.29973557414,2022-03-05,,,,,,,,,,,,,
39463.14681149058,2022-03-06,,,,,,,,,,,,,
38442.99174588676,2022-03-07,,,,,,,,,,,,,
38076.49382252028,2022-03-08,,,,,,,,,,,,,
38732.93701302586,2022-03-09,,,,,,,,,,,,,
41986.03444607623,2022-03-10,,,,,,,,,,,,,
39468.35477300189,2022-03-11,,,,,,,,,,,,,
38775.17558840679,2022-03-12,,,,,,,,,,,,,
38903.69354800599,2022-03-13,,,,,,,,,,,,,
37852.52514106289,2022-03-14,,,,,,,,,,,,,
39669.423812004505,2022-03-15,,,,,,,,,,,,,
39331.84654059453,2022-03-16,,,,,,,,,,,,,
41165.63506140341,2022-03-17,,,,,,,,,,,,,
41001.70957801974,2022-03-18,,,,,,,,,,,,,
41837.41313797566,2022-03-19,,,,,,,,,,,,,
42201.939920688186,2022-03-20,,,,,,,,,,,,,
41283.25900104565,2022-03-21,,,,,,,,,,,,,
41061.81589384987,2022-03-22,,,,,,,,,,,,,
42401.89559748944,2022-03-23,,,,,,,,,,,,,
42802.15471016985,2022-03-24,,,,,,,,,,,,,
43936.09623454058,2022-03-25,,,,,,,,,,,,,
44331.77795706412,2022-03-26,,,,,,,,,,,,,
44510.84421762133,2022-03-27,,,,,,,,,,,,,
46715.1176185105,2022-03-28,,,,,,,,,,,,,
46994.879118357465,2022-03-29,,,,,,,,,,,,,
47459.261237539096,2022-03-30,,,,,,,,,,,,,
47063.36584996355,2022-03-31,,,,,,,,,,,,,
45528.40715313835,2022-04-01,,,,,,,,,,,,,
46270.20070585378,2022-04-02,,,,,,,,,,,,,
45842.14476317382,2022-04-03,,,,,,,,,,,,,
46434.562982661664,2022-04-04,,,,,,,,,,,,,
46622.63571309101,2022-04-05,,,,,,,,,,,,,
45635.45438126673,2022-04-06,,,,,,,,,,,,,
43198.77526936491,2022-04-07,,,,,,,,,,,,,
43515.15032279806,2022-04-08,,,,,,,,,,,,,
42315.70972421807,2022-04-09,,,,,,,,,,,,,
42796.39747810973,2022-04-10,,,,,,,,,,,,,
42274.907370256085,2022-04-11,,,,,,,,,,,,,
39603.96515928416,2022-04-12,,,,,,,,,,,,,
40205.67794073206,2022-04-13,,,,,,,,,,,,,
41205.16871904067,2022-04-14,,,,,,,,,,,,,
39959.457069033735,2022-04-15,,,,,,,,,,,,,
40586.59730938673,2022-04-16,,,,,,,,,,,,,
40450.37930543977,2022-04-17,,,,,,,,,,,,,
39739.11925622209,2022-04-18,,,,,,,,,,,,,
40833.5379650337,2022-04-19,,,,,,,,,,,,,
41498.12244669832,2022-04-20,,,,,,,,,,,,,
41397.220477279625,2022-04-21,,,,,,,,,,,,,
40528.54148675958,2022-04-22,,,,,,,,,,,,,
39756.848993471016,2022-04-23,,,,,,,,,,,,,
39561.78019075613,2022-04-24,,,,,,,,,,,,,
39469.04986198146,2022-04-25,,,,,,,,,,,,,
40488.877917622376,2022-04-26,,,,,,,,,,,,,
38134.21545068938,2022-04-27,,,,,,,,,,,,,
39237.94931747103,2022-04-28,,,,,,,,,,,,,
39741.76664580964,2022-04-29,,,,,,,,,,,,,
38650.55013809267,2022-04-30,,,,,,,,,,,,,
37820.61176529208,2022-05-01,,,,,,,,,,,,,
38537.65476669535,2022-05-02,,,,,,,,,,,,,
38561.56539902362,2022-05-03,,,,,,,,,,,,,
37758.496107734,2022-05-04,,,,,,,,,,,,,
39699.02404125388,2022-05-05,,,,,,,,,,,,,
36612.22954880304,2022-05-06,,,,,,,,,,,,,
36116.394294982965,2022-05-07,,,,,,,,,,,,,
35573.31019883488,2022-05-08,,,,,,,,,,,,,
34070.31219757961,2022-05-09,,,,,,,,,,,,,
30269.58695662948,2022-05-10,,,,,,,,,,,,,
31026.93386836242,2022-05-11,,,,,,,,,,,,,
28913.48836365432,2022-05-12,,,,,,,,,,,,,
29126.11597686014,2022-05-13,,,,,,,,,,,,,
29310.728959858257,2022-05-14,,,,,,,,,,,,,
30189.333177005963,2022-05-15,,,,,,,,,,,,,
31319.30911113,2022-05-16,,,,,,,,,,,,,
29923.606993639707,2022-05-17,,,,,,,,,,,,,
30502.19328027689,2022-05-18,,,,,,,,,,,,,
28772.200501112577,2022-05-19,,,,,,,,,,,,,
30382.40624219559,2022-05-20,,,,,,,,,,,,,
29256.81337441625,2022-05-21,,,,,,,,,,,,,
29491.5079477606,2022-05-22,,,,,,,,,,,,,
30351.050417138096,2022-05-23,,,,,,,,,,,,,
29163.167775739188,2022-05-24,,,,,,,,,,,,,
29655.02613175249,2022-05-25,,,,,,,,,,,,,
29584.949851985926,2022-05-26,,,,,,,,,,,,,
29346.781442431617,2022-05-27,,,,,,,,,,,,,
28646.65218193245,2022-05-28,,,,,,,,,,,,,
29088.236452817226,2022-05-29,,,,,,,,,,,,,
29492.50321495364,2022-05-30,,,,,,,,,,,,,
31740.94072516695,2022-05-31,,,,,,,,,,,,,
31865.749621173167,2022-06-01,,,,,,,,,,,,,
29833.45033020525,2022-06-02,,,,,,,,,,,,,
30481.013996026013,2022-06-03,,,,,,,,,,,,,
29714.143487149733,2022-06-04,,,,,,,,,,,,,
29872.3603087139,2022-06-05,,,,,,,,,,,,,
29917.7640524562,2022-06-06,,,,,,,,,,,,,
31372.5847629755,2022-06-07,,,,,,,,,,,,,
31265.469277693348,2022-06-08,,,,,,,,,,,,,
30229.236836130374,2022-06-09,,,,,,,,,,,,,
30101.187521431468,2022-06-10,,,,,,,,,,,,,
29101.2982596468,2022-06-11,,,,,,,,,,,,,
28374.14499732395,2022-06-12,,,,,,,,,,,,,
26767.269173221317,2022-06-13,,,,,,,,,,,,,
22525.7683503912,2022-06-14,,,,,,,,,,,,,
22244.848968001315,2022-06-15,,,,,,,,,,,,,
22529.198114649807,2022-06-16,,,,,,,,,,,,,
20408.690490591813,2022-06-17,,,,,,,,,,,,,
20473.05288079512,2022-06-18,,,,,,,,,,,,,
19047.41782828195,2022-06-19,,,,,,,,,,,,,
20516.41197977524,2022-06-20,,,,,,,,,,,,,
20636.75891240637,2022-06-21,,,,,,,,,,,,,
20700.923933039136,2022-06-22,,,,,,,,,,,,,
19983.566482863105,2022-06-23,,,,,,,,,,,,,
21100.270533511088,2022-06-24,,,,,,,,,,,,,
21262.71348295613,2022-06-25,,,,,,,,,,,,,
21525.88036221139,2022-06-26,,,,,,,,,,,,,
21052.80539783573,2022-06-27,,,,,,,,,,,,,
20751.47753079077,2022-06-28,,,,,,,,,,,,,
20282.54247926969,2022-06-29,,,,,,,,,,,,,
20108.529472889782,2022-06-30,,,,,,,,,,,,,
19608.397493423083,2022-07-01,,,,,,,,,,,,,
19407.447430262477,2022-07-02,,,,,,,,,,,,,
19268.227002666128,2022-07-03,,,,,,,,,,,,,
19310.233218521837,2022-07-04,,,,,,,,,,,,,
20257.01232859288,2022-07-05,,,,,,,,,,,,,
20188.779663973284,2022-07-06,,,,,,,,,,,,,
20566.68722377,2022-07-07,,,,,,,,,,,,,
21660.596837075183,2022-07-08,,,,,,,,,,,,,
21858.818749217564,2022-07-09,,,,,,,,,,,,,
21589.628101459668,2022-07-10,,,,,,,,,,,,,
20859.81407965063,2022-07-11,,,,,,,,,,,,,
19998.46783957584,2022-07-12,,,,,,,,,,,,,
19350.73735007727,2022-07-13,,,,,,,,,,,,,
20225.23866433186,2022-07-14,,,,,,,,,,,,,
20574.84059150044,2022-07-15,,,,,,,,,,,,,
20794.811981436706,2022-07-16,,,,,,,,,,,,,
21193.08334336837,2022-07-17,,,,,,,,,,,,,
20824.36275165164,2022-07-18,,,,,,,,,,,,,
22395.365383103952,2022-07-19,,,,,,,,,,,,,
23366.90769792785,2022-07-20,,,,,,,,,,,,,
23313.296731959555,2022-07-21,,,,,,,,,,,,,
23155.207555248304,2022-07-22,,,,,,,,,,,,,
22696.90275429005,2022-07-23,,,,,,,,,,,,,
22506.199573628983,2022-07-24,,,,,,,,,,,,,
22613.71920824845,2022-07-25,,,,,,,,,,,,,
21330.295450788173,2022-07-26,,,,,,,,,,,,,
21235.61231608577,2022-07-27,,,,,,,,,,,,,
22908.884260468687,2022-07-28,,,,,,,,,,,,,
23822.06759782312,2022-07-29,,,,,,,,,,,,,
23847.58331873861,2022-07-30,,,,,,,,,,,,,
23653.4595494308,2022-07-31,,,,,,,,,,,,,
23379.70052509082,2022-08-01,,,,,,,,,,,,,
23333.749243312184,2022-08-02,,,,,,,,,,,,,
23053.84684748268,2022-08-03,,,,,,,,,,,,,
22860.42098438317,2022-08-04,,,,,,,,,,,,,
22678.363633874185,2022-08-05,,,,,,,,,,,,,
23225.036201942938,2022-08-06,,,,,,,,,,,,,
22984.57953144855,2022-08-07,,,,,,,,,,,,,
23197.603469525384,2022-08-08,,,,,,,,,,,,,
23823.67944245361,2022-08-09,,,,,,,,,,,,,
23203.680696781623,2022-08-10,,,,,,,,,,,,,
23948.829553271637,2022-08-11,,,,,,,,,,,,,
23948.75170368143,2022-08-12,,,,,,,,,,,,,
24411.37987152261,2022-08-13,,,,,,,,,,,,,
24433.653747243658,2022-08-14,,,,,,,,,,,,,
24312.54142489156,2022-08-15,,,,,,,,,,,,,
24179.0146523092,2022-08-16,,,,,,,,,,,,,
23913.333725628458,2022-08-17,,,,,,,,,,,,,
23359.418837070007,2022-08-18,,,,,,,,,,,,,
23248.38422819264,2022-08-19,,,,,,,,,,,,,
20945.8339660496,2022-08-20,,,,,,,,,,,,,
21175.232732989512,2022-08-21,,,,,,,,,,,,,
21615.761693416986,2022-08-22,,,,,,,,,,,,,
21387.747114773963,2022-08-23,,,,,,,,,,,,,
21562.45153991356,2022-08-24,,,,,,,,,,,,,
21395.45846975991,2022-08-25,,,,,,,,,,,,,
21618.009019176647,2022-08-26,,,,,,,,,,,,,
20271.322951706014,2022-08-27,,,,,,,,,,,,,
20069.9533315962,2022-08-28,,,,,,,,,,,,,
19659.24670619362,2022-08-29,,,,,,,,,,,,,
20308.861447891457,2022-08-30,,,,,,,,,,,,,
19805.35069885804,2022-08-31,,,,,,,,,,,,,
20023.55444491251,2022-09-01,,,,,,,,,,,,,
20153.975977982507,2022-09-02,,,,,,,,,,,,,
19941.45137004716,2022-09-03,,,,,,,,,,,,,
19814.5642451146,2022-09-04,,,,,,,,,,,,,
19980.01322224228,2022-09-05,,,,,,,,,,,,,
19785.73350185514,2022-09-06,,,,,,,,,,,,,
18859.50008768028,2022-09-07,,,,,,,,,,,,,
19280.62547645678,2022-09-08,,,,,,,,,,,,,
19322.77774937157,2022-09-09,,,,,,,,,,,,,
21359.58252557909,2022-09-10,,,,,,,,,,,,,
21707.38731931814,2022-09-11,,,,,,,,,,,,,
21739.80437979554,2022-09-12,,,,,,,,,,,,,
22339.67050262336,2022-09-13,,,,,,,,,,,,,
20184.96749189655,2022-09-14,,,,,,,,,,,,,
20255.922978327133,2022-09-15,,,,,,,,,,,,,
19702.16988981172,2022-09-16,,,,,,,,,,,,,
19764.411712043777,2022-09-17,,,,,,,,,,,,,
20131.675305714027,2022-09-18,,,,,,,,,,,,,
19437.157867982634,2022-09-19,,,,,,,,,,,,,
19570.386709523507,2022-09-20,,,,,,,,,,,,,
18869.92880939053,2022-09-21,,,,,,,,,,,,,
18539.63523831258,2022-09-22,,,,,,,,,,,,,
19464.322663348463,2022-09-23,,,,,,,,,,,,,
19291.904802452067,2022-09-24,,,,,,,,,,,,,
18939.97058049937,2022-09-25,,,,,,,,,,,,,
18809.41143933244,2022-09-26,,,,,,,,,,,,,
19219.727780656474,2022-09-27,,,,,,,,,,,,,
19116.33116071044,2022-09-28,,,,,,,,,,,,,
19444.78777136297,2022-09-29,,,,,,,,,,,,,
19563.765161776904,2022-09-30,,,,,,,,,,,,,
19476.92659600407,2022-10-01,,,,,,,,,,,,,
19314.463835217448,2022-10-02,,,,,,,,,,,,,
19065.153837148988,2022-10-03,,,,,,,,,,,,,
19620.567543591394,2022-10-04,,,,,,,,,,,,,
20345.398520106643,2022-10-05,,,,,,,,,,,,,
20161.830614985047,2022-10-06,,,,,,,,,,,,,
19949.051041418512,2022-10-07,,,,,,,,,,,,,
19457.308951251147,2022-10-08,,,,,,,,,,,,,
19418.037989243952,2022-10-09,,,,,,,,,,,,,
19448.14900175761,2022-10-10,,,,,,,,,,,,,
19142.69476739289,2022-10-11,,,,,,,,,,,,,
19058.628039738272,2022-10-12,,,,,,,,,,,,,
19153.039779986982,2022-10-13,,,,,,,,,,,,,
19383.9432200889,2022-10-14,,,,,,,,,,,,,
19198.107144951755,2022-10-15,,,,,,,,,,,,,
19072.780513358884,2022-10-16,,,,,,,,,,,,,
19272.92184777201,2022-10-17,,,,,,,,,,,,,
19557.895548868444,2022-10-18,,,,,,,,,,,,,
19348.02936881037,2022-10-19,,,,,,,,,,,,,
19134.242664465204,2022-10-20,,,,,,,,,,,,,
19031.15987195947,2022-10-21,,,,,,,,,,,,,
19173.28046885863,2022-10-22,,,,,,,,,,,,,
19203.86547117714,2022-10-23,,,,,,,,,,,,,
19574.8242318408,2022-10-24,,,,,,,,,,,,,
19316.94062294213,2022-10-25,,,,,,,,,,,,,
20095.152230674925,2022-10-26,,,,,,,,,,,,,
20774.247496426036,2022-10-27,,,,,,,,,,,,,
20278.36623205219,2022-10-28,,,,,,,,,,,,,
20591.24120809861,2022-10-29,,,,,,,,,,,,,
20800.70708772471,2022-10-30,,,,,,,,,,,,,
20623.871497040946,2022-10-31,,,,,,,,,,,,,
20494.60120983709,2022-11-01,,,,,,,,,,,,,
20489.646203160763,2022-11-02,,,,,,,,,,,,,
20162.980904822525,2022-11-03,,,,,,,,,,,,,
20210.91241711132,2022-11-04,,,,,,,,,,,,,
21150.3155839124,2022-11-05,,,,,,,,,,,,,
21282.98510942269,2022-11-06,,,,,,,,,,,,,
20906.99792695512,2022-11-07,,,,,,,,,,,,,
20597.755017060837,2022-11-08,,,,,,,,,,,,,
18562.353215089643,2022-11-09,,,,,,,,,,,,,
15742.444335961438,2022-11-10,,,,,,,,,,,,,
17594.923500278233,2022-11-11,,,,,,,,,,,,,
17080.215260565037,2022-11-12,,,,,,,,,,,,,
16797.98748257006,2022-11-13,,,,,,,,,,,,,
16344.342316001042,2022-11-14,,,,,,,,,,,,,
16645.828500283515,2022-11-15,,,,,,,,,,,,,
16890.52938386464,2022-11-16,,,,,,,,,,,,,
16689.39673273771,2022-11-17,,,,,,,,,,,,,
16718.361228055077,2022-11-18,,,,,,,,,,,,,
16707.022778986535,2022-11-19,,,,,,,,,,,,,
16712.729525794817,2022-11-20,,,,,,,,,,,,,
16304.07685562355,2022-11-21,,,,,,,,,,,,,
15814.335280855255,2022-11-22,,,,,,,,,,,,,
16171.628978315088,2022-11-23,,,,,,,,,,,,,
16608.00998544357,2022-11-24,,,,,,,,,,,,,
16596.03575847268,2022-11-25,,,,,,,,,,,,,
16524.449007720887,2022-11-26,,,,,,,,,,,,,
16456.156062496684,2022-11-27,,,,,,,,,,,,,
16459.149543755877,2022-11-28,,,,,,,,,,,,,
16222.210728731225,2022-11-29,,,,,,,,,,,,,
16441.979978419113,2022-11-30,,,,,,,,,,,,,
17186.502572066118,2022-12-01,,,,,,,,,,,,,
16972.73406077455,2022-12-02,,,,,,,,,,,,,
17084.87334047068,2022-12-03,,,,,,,,,,,,,
16923.38287008033,2022-12-04,,,,,,,,,,,,,
17149.93175096291,2022-12-05,,,,,,,,,,,,,
16973.372577553495,2022-12-06,,,,,,,,,,,,,
17085.64314125141,2022-12-07,,,,,,,,,,,,,
16851.30346863184,2022-12-08,,,,,,,,,,,,,
17235.014157992136,2022-12-09,,,,,,,,,,,,,
17149.824203925327,2022-12-10,,,,,,,,,,,,,
17125.364927688952,2022-12-11,,,,,,,,,,,,,
17101.038019732932,2022-12-12,,,,,,,,,,,,,
17179.596038203494,2022-12-13,,,,,,,,,,,,,
17784.162894053265,2022-12-14,,,,,,,,,,,,,
17808.71617265881,2022-12-15,,,,,,,,,,,,,
17338.358126632633,2022-12-16,,,,,,,,,,,,,
16623.75782614431,2022-12-17,,,,,,,,,,,,,
16806.48559206152,2022-12-18,,,,,,,,,,,,,
16742.816663834055,2022-12-19,,,,,,,,,,,,,
16422.562273279298,2022-12-20,,,,,,,,,,,,,
16899.331969046758,2022-12-21,,,,,,,,,,,,,
16816.85370118997,2022-12-22,,,,,,,,,,,,,
16824.790162441503,2022-12-23,,,,,,,,,,,,,
16791.45543916491,2022-12-24,,,,,,,,,,,,,
16848.568708323422,2022-12-25,,,,,,,,,,,,,
16842.177039905502,2022-12-26,,,,,,,,,,,,,
16900.081871938084,2022-12-27,,,,,,,,,,,,,
16701.840210667935,2022-12-28,,,,,,,,,,,,,
16538.906094001977,2022-12-29,,,,,,,,,,,,,
16644.379087037905,2022-12-30,,,,,,,,,,,,,
16604.020520373393,2022-12-31,,,,,,,,,,,,,
26141.823829503945,,12800164278.269156,-24.7999,0.15557019,-1.16729452,-1.92843509,-10.54215105,-14.21706445,-2.1771838,508901577397.7618,48.3418,548978300419.58,,2023-08-24T23:48:00.000Z
